ID,age,sex,monthly income,work hours/week,favourite colour,siblings,top finish placement,last time,bed time,wake up time,total sleep/night,caloric intake,steps taken
0058760,88,m,$14432.0,66,blue,5,2nd,25secs,3:21:15.99AM,10:19:42.388AM,-11.44,3250,
0058761,38,f,$10602.0,37,None,1,6th,23secs,9:20:9.649PM,10:24:31.342AM,-5.86,3250,3250325032503250325032503250325032503250
0058762,82,m,$15908.0,65,green,0,3rd,29secs,8:8:48.109PM,8:19:45.590AM,-9.6,3000,30003000300030003000300030003000300030003000300030003000300030003000300030003000
0058763,66,male,$19668.0,48,BLUE,7,9th,20secs,12:37:7.467PM,6:34:48.833AM,4.57,1750,17501750175017501750
0058764,30,male,$900.0,25,None,0,9th,26secs,1:51:19.789AM,10:20:16.965AM,-10.63,3750,375037503750375037503750375037503750375037503750375037503750
0058765,29,female,$3712.0,11,None,1,7th,28secs,8:23:26.393PM,5:0:26.182AM,2.91,1500,15001500150015001500
0058766,88,male,$9680.0,51,gReeN,3,7th,21secs,10:4:45.613PM,8:1:56.497AM,4.59,2750,275027502750275027502750275027502750275027502750275027502750
0058767,64,Female,$11008.0,78,reD,6,9th,24secs,7:18:30.323PM,9:5:29.485AM,9.26,2250,22502250225022502250225022502250225022502250225022502250225022502250225022502250
0058768,67,0,$17353.0,18,green,7,1st,28secs,7:35:50.480PM,7:40:27.193AM,5.62,2250,22502250225022502250225022502250225022502250225022502250225022502250225022502250
0058769,65,Male,$16055.000000000002,54,BLUE,3,1st,26secs,9:57:10.380PM,12:26:33.73PM,-11.58,2250,2250225022502250225022502250225022502250
0058770,82,f,$16154.0,21,None,7,9th,27secs,11:52:58.731PM,11:21:20.886AM,2.02,3500,
0058771,82,M,0,20,reD,9,8th,23secs,3:22:47.397AM,6:7:38.927AM,0.33,3250,3250325032503250325032503250325032503250
0058772,69,m,$20631.0,70,blue,5,1st,30secs,1:11:13.901AM,6:19:24.777AM,-10.36,3250,32503250325032503250325032503250325032503250325032503250325032503250325032503250
0058773,55,m,$15289.999999999998,44,reD,0,2nd,23secs,12:17:31.940PM,6:50:59.929AM,4.49,2000,200020002000200020002000200020002000200020002000200020002000
0058774,26,X,$4134.0,70,green,6,3rd,24secs,9:47:57.724PM,10:34:8.485AM,-8.56,3000,
0058775,46,f,$9982.0,6,yellow,6,8th,29secs,4:18:9.520AM,5:16:49.481AM,-9.65,2000,20002000200020002000
0058776,70,f,$4620.0,68,yellow,3,9th,22secs,11:25:4.559PM,7:18:43.797AM,-11.41,1750,
0058777,33,f,$4356.0,72,blue,2,7th,23secs,1:48:57.760AM,7:19:2.542AM,-11.34,3500,0
0058778,66,F,$3102.0,37,blue,6,7th,28secs,8:24:39.350PM,6:52:40.18AM,-9.78,2500,
0058779,76,f,$10488.0,40,yellow,0,8th,29secs,3:57:44.717AM,8:28:47.817AM,3.15,1500,1500150015001500150015001500150015001500
0058780,49,M,$9408.0,5,yellow,5,3rd,29secs,9:19:53.907PM,8:20:33.917AM,7.53,3000,
0058781,84,m,$25116.0,72,reD,9,8th,28secs,2:42:42.517AM,5:7:24.409AM,3.94,3250,
0058782,72,male,$21528.0,73,None,7,6th,21secs,3:16:23.539AM,6:47:28.630AM,6.72,3500,
0058783,40,female,$1520.0,77,0,3,6th,24secs,12:20:23.442PM,11:11:48.296AM,3.12,1750,
0058784,15,male,$3285.0,24,green,7,1st,26secs,9:49:30.194PM,8:6:16.53AM,-11.89,2250,22502250225022502250
0058785,20,F,$440.0,65,blue,0,3rd,25secs,9:4:27.281PM,9:43:26.519AM,-5.98,3500,
0058786,62,Female,$12585.999999999998,65,None,7,2nd,21secs,11:30:20.198PM,9:15:21.810AM,-8.95,3500,35003500350035003500350035003500350035003500350035003500350035003500350035003500
0058787,20,female,$4680.0,41,reD,1,2nd,28secs,10:48:38.564PM,11:50:26.43AM,11.82,3000,30003000300030003000300030003000300030003000300030003000300030003000300030003000
0058788,46,X,$2116.0,28,blue,6,9th,24secs,11:11:45.242PM,12:59:14.785PM,4.21,1500,15001500150015001500150015001500150015001500150015001500150015001500150015001500
0058789,68,male,$7819.999999999999,72,gReeN,3,0,20secs,7:17:48.313PM,6:36:1.882AM,11.89,3750,375037503750375037503750375037503750375037503750375037503750
0058790,51,M,$6069.0,9,gReeN,0,4th,25secs,9:26:41.826PM,10:4:51.750AM,-0.18,1500,15001500150015001500
0058791,40,male,$2840.0,50,None,0,3rd,25secs,11:53:26.16PM,8:54:22.389AM,-3.41,3500,
0058792,33,M,$3333.0,49,red,6,7th,27secs,1:33:2.407AM,9:17:41.352AM,9.96,2500,
0058793,29,X,$3248.0000000000005,32,blue,6,8th,30secs,11:6:34.266PM,8:59:16.663AM,8.82,3250,325032503250325032503250325032503250325032503250325032503250
0058794,35,Male,$1295.0,69,BLUE,5,7th,26secs,11:22:41.280PM,11:4:1.430AM,4.01,2500,25002500250025002500250025002500250025002500250025002500250025002500250025002500
0058795,67,male,$3417.0,53,reD,9,6th,20secs,8:36:56.510PM,7:15:32.476AM,10.86,1750,
0058796,29,female,$6351.0,14,BLUE,9,9th,25secs,9:26:35.703PM,10:30:24.229AM,10.51,3000,300030003000300030003000300030003000300030003000300030003000
0058797,34,m,$4522.0,45,yellow,7,9th,23secs,11:6:45.880PM,12:11:5.14PM,-0.42,2250,22502250225022502250225022502250225022502250225022502250225022502250225022502250
0058798,28,F,$672.0,39,reD,7,4th,27secs,2:31:8.68AM,5:7:19.319AM,-1.9,2000,2000200020002000200020002000200020002000
0058799,37,X,$9028.0,71,reD,0,6th,27secs,8:47:16.433PM,11:55:24.445AM,-6.66,2500,
0058800,82,female,$21484.0,29,red,2,5th,20secs,10:8:53.42PM,5:44:55.14AM,6.61,1500,
0058801,45,m,$9630.0,63,BLUE,4,5th,29secs,8:47:27.806PM,6:25:34.613AM,-12.05,1750,
0058802,87,female,$10875.0,25,yellow,5,5th,21secs,8:48:36.442PM,12:16:0.485PM,0.29,2750,2750275027502750275027502750275027502750
0058803,71,Female,$14200.0,25,green,9,7th,27secs,12:42:29.750PM,5:20:7.412AM,6.88,3000,30003000300030003000
0058804,76,male,$11476.0,69,red,8,5th,25secs,10:19:12.156PM,9:46:38.4AM,9.15,2000,20002000200020002000
0058805,90,female,$9180.0,71,red,5,9th,20secs,1:56:31.562AM,8:55:16.226AM,5.62,1500,15001500150015001500
0058806,60,F,$3840.0,38,None,0,5th,25secs,10:42:30.221PM,6:54:55.697AM,-4.03,2000,
0058807,56,F,$14784.0,25,reD,4,6th,26secs,11:22:48.14PM,8:19:10.988AM,7.74,2250,
0058808,78,F,$3120.0,40,BLUE,9,3rd,27secs,9:16:50.548PM,7:18:54.112AM,-1.6,3000,0
0058809,65,Female,$16185.000000000002,62,green,4,5th,23secs,8:14:41.592PM,12:38:41.147PM,-11.03,3750,37503750375037503750
0058810,45,female,$5670.0,36,blue,5,3rd,27secs,11:29:30.401PM,9:52:18.871AM,11.74,2250,2250225022502250225022502250225022502250
0058811,42,female,$1134.0,15,gReeN,4,2nd,25secs,11:31:30.241PM,6:54:13.816AM,6.65,3250,32503250325032503250
0058812,40,f,$2680.0,26,BLUE,4,5th,23secs,1:39:22.150AM,9:53:31.388AM,1.13,3250,
0058813,73,X,$13213.0,20,yellow,3,3rd,30secs,9:13:33.149PM,9:52:37.261AM,-12.27,1750,
0058814,89,male,$21093.0,71,reD,1,2nd,28secs,2:56:24.383AM,11:27:30.964AM,4.73,2750,275027502750275027502750275027502750275027502750275027502750
0058815,72,M,$4536.0,12,BLUE,2,5th,27secs,1:55:14.455AM,12:28:48.367PM,7.96,3500,
0058816,54,male,$11340.0,7,BLUE,0,2nd,22secs,12:44:57.908PM,5:19:33.541AM,-11.24,3500,350035003500350035003500350035003500350035003500350035003500
0058817,90,M,$17910.0,57,red,1,5th,30secs,2:5:47.743AM,11:7:46.326AM,2.15,1500,
0058818,84,F,$10500.0,72,BLUE,6,3rd,28secs,11:39:54.355PM,8:53:3.146AM,-10.75,2000,20002000200020002000200020002000200020002000200020002000200020002000200020002000
0058819,39,f,$9243.0,36,BLUE,6,1st,24secs,3:15:21.559AM,9:4:13.907AM,2.2,3250,
0058820,61,m,$6771.000000000001,9,green,5,1st,26secs,11:40:1.38PM,8:7:45.459AM,-9.2,1750,1750175017501750175017501750175017501750
0058821,53,Female,$9116.0,12,BLUE,6,3rd,29secs,4:2:56.776AM,5:16:31.626AM,10.27,2750,
0058822,15,female,$3165.0,71,gReeN,2,5th,20secs,12:55:23.756PM,6:10:40.525AM,-2.14,3750,
0058823,77,X,$8393.0,18,BLUE,8,2nd,27secs,4:15:41.623AM,5:47:45.239AM,4.59,2000,2000200020002000200020002000200020002000
0058824,39,F,$1482.0,12,BLUE,2,4th,26secs,2:42:31.50AM,6:28:46.980AM,5.07,2000,2000200020002000200020002000200020002000
0058825,86,m,$18232.0,6,red,7,9th,20secs,12:38:3.777PM,8:31:4.625AM,-10.93,2750,
0058826,52,f,$4524.0,0,None,4,9th,20secs,8:56:58.305PM,5:23:18.691AM,7.99,3500,
0058827,58,m,$7134.0,72,gReeN,2,1st,25secs,7:48:3.201PM,12:20:4.455PM,1.94,2250,225022502250225022502250225022502250225022502250225022502250
0058828,46,m,$8740.0,62,reD,0,6th,21secs,12:9:49.56PM,10:44:10.452AM,8.89,1750,
0058829,41,m,$2296.0,10,gReeN,7,6th,28secs,1:17:16.172AM,5:49:50.967AM,7.89,1750,
0058830,32,female,$8416.0,65,red,8,8th,30secs,11:15:33.567PM,10:24:12.109AM,-6.96,0,250025002500250025002500250025002500250025002500250025002500
0058831,26,m,$2496.0,30,red,7,7th,23secs,8:20:43.353PM,5:21:54.652AM,-11.32,2750,27502750275027502750
0058832,85,f,$17085.0,7,yellow,6,1st,24secs,10:24:20.892PM,10:53:16.104AM,-0.11,3750,37503750375037503750375037503750375037503750375037503750375037503750375037503750
0058833,79,Male,$13193.0,24,blue,4,3rd,20secs,10:48:29.851PM,9:9:7.442AM,1.56,3250,
0058834,53,m,$3604.0000000000005,41,reD,1,7th,20secs,3:22:40.392AM,10:58:24.791AM,-2.98,3250,32503250325032503250325032503250325032503250325032503250325032503250325032503250
0058835,42,F,$11466.0,58,red,1,8th,29secs,4:33:35.399AM,12:11:52.302PM,2.82,2250,
0058836,17,f,$1343.0,14,blue,1,4th,26secs,12:11:0.677PM,5:21:2.441AM,-11.06,2000,200020002000200020002000200020002000200020002000200020002000
0058837,62,f,$4836.0,44,green,1,2nd,25secs,9:29:25.213PM,10:20:9.56AM,-8.91,3500,35003500350035003500350035003500350035003500350035003500350035003500350035003500
0058838,40,male,$840.0,12,green,4,6th,27secs,2:43:5.718AM,6:54:10.573AM,-5.83,2500,
0058839,73,female,$9928.0,13,gReeN,2,4th,23secs,8:51:8.855PM,7:2:18.904AM,3.22,3750,
0058840,82,M,$18286.0,74,red,8,2nd,26secs,3:42:10.113AM,5:30:35.137AM,4.36,3750,
0058841,63,male,$12978.0,33,reD,6,9th,28secs,10:23:48.281PM,9:43:21.694AM,-2.73,2000,20002000200020002000200020002000200020002000200020002000200020002000200020002000
0058842,69,F,$11454.0,30,gReeN,7,2nd,21secs,11:36:58.564PM,10:10:50.375AM,2.76,3750,
0058843,63,Male,$16443.0,54,gReeN,2,7th,29secs,12:17:29.637PM,9:9:40.632AM,-2.07,1500,
0058844,23,M,$6279.0,53,reD,1,4th,23secs,12:9:23.320PM,7:7:45.414AM,-10.1,3750,
0058845,59,male,$16992.0,17,blue,6,8th,22secs,3:2:28.791AM,11:47:2.442AM,-5.82,3250,
0058846,57,female,$1994.9999999999998,46,BLUE,3,8th,26secs,1:22:11.344AM,10:52:24.683AM,-5.37,3000,3000300030003000300030003000300030003000
0058847,60,f,$3540.0,71,yellow,9,6th,24secs,10:47:51.706PM,12:52:47.591PM,-3.95,2750,27502750275027502750275027502750275027502750275027502750275027502750275027502750
0058848,48,male,$6576.000000000001,35,gReeN,8,9th,26secs,1:30:38.934AM,11:35:44.629AM,10.11,3000,30003000300030003000
0058849,71,M,$20803.0,41,blue,4,7th,23secs,11:7:47.772PM,5:23:27.210AM,-0.26,2250,225022502250225022502250225022502250225022502250225022502250
0058850,12,f,$2148.0,42,gReeN,3,8th,28secs,1:18:6.760AM,11:56:35.246AM,7.4,3000,
0058851,57,X,$16131.0,79,gReeN,3,2nd,24secs,3:55:32.279AM,0,-0.37,3500,
0058852,71,F,$8093.999999999999,19,None,5,5th,23secs,1:7:39.516AM,5:8:8.429AM,-7.13,3750,
0058853,89,M,$12905.0,30,reD,5,3rd,29secs,0,5:39:27.534AM,10.08,3250,32503250325032503250
0058854,48,Female,$9647.999999999998,25,yellow,7,3rd,28secs,1:19:37.111AM,5:29:7.106AM,-3.42,1750,175017501750175017501750175017501750175017501750175017501750
0058855,51,f,$1530.0,69,reD,4,6th,30secs,7:29:27.633PM,9:20:57.888AM,11.2,2000,20002000200020002000200020002000200020002000200020002000200020002000200020002000
0058856,41,F,$3485.0,62,blue,5,7th,28secs,4:10:6.24AM,7:39:46.210AM,5.98,1500,15001500150015001500150015001500150015001500150015001500150015001500150015001500
0058857,30,X,$7170.0,12,yellow,7,4th,27secs,11:44:16.202PM,12:46:40.957PM,8.02,1500,
0058858,56,f,$16688.0,10,None,9,3rd,25secs,7:12:35.594PM,5:18:16.784AM,9.0,1500,15001500150015001500150015001500150015001500150015001500150015001500150015001500
0058859,47,Male,$12361.0,58,gReeN,8,7th,21secs,1:29:30.556AM,11:6:17.794AM,3.57,2750,27502750275027502750275027502750275027502750275027502750275027502750275027502750
0058860,15,male,$525.0,46,reD,3,7th,29secs,2:1:53.518AM,8:23:15.103AM,0.99,2750,
0058861,25,m,$5649.999999999999,22,yellow,2,6th,21secs,4:51:52.680AM,7:25:59.884AM,-0.93,2750,
0058862,86,X,$14878.0,76,reD,6,4th,28secs,12:1:46.761PM,11:9:55.236AM,10.37,2500,25002500250025002500
0058863,53,F,$12349.0,54,yellow,1,3rd,29secs,2:19:27.707AM,7:55:12.534AM,-5.91,1500,150015001500150015001500150015001500150015001500150015001500
0058864,32,X,$7136.0,67,green,3,7th,21secs,8:9:34.811PM,8:52:1.564AM,-3.88,2750,
0058865,64,male,$7680.0,44,yellow,3,7th,30secs,12:3:16.96PM,12:14:10.427PM,10.98,3000,
0058866,27,Female,$6858.0,62,red,0,3rd,28secs,7:27:35.728PM,5:37:52.872AM,-3.89,3750,0
0058867,61,Female,$15554.999999999998,27,None,3,8th,30secs,1:12:40.663AM,12:54:53.932PM,10.04,3500,35003500350035003500350035003500350035003500350035003500350035003500350035003500
0058868,75,female,$17925.0,42,BLUE,1,1st,21secs,12:51:28.0PM,6:55:8.715AM,5.54,1750,
0058869,61,m,$7259.0,44,reD,0,8th,27secs,4:6:54.181AM,10:9:5.622AM,7.82,3750,37503750375037503750
0058870,55,M,$2090.0,6,reD,4,2nd,23secs,1:1:59.746AM,11:23:8.153AM,-4.22,1750,17501750175017501750175017501750175017501750175017501750175017501750175017501750
0058871,80,female,$19280.0,7,blue,0,4th,29secs,9:1:31.333PM,5:34:21.792AM,10.82,2250,225022502250225022502250225022502250225022502250225022502250
0058872,26,Female,$6474.000000000001,50,yellow,1,2nd,20secs,1:9:49.967AM,8:17:6.265AM,-1.83,2000,
0058873,81,m,$22842.0,77,yellow,1,1st,29secs,10:5:31.914PM,7:0:54.655AM,-1.78,1750,175017501750175017501750175017501750175017501750175017501750
0058874,73,male,$15403.0,5,green,0,9th,30secs,7:51:27.332PM,7:18:6.470AM,-2.13,3750,375037503750375037503750375037503750375037503750375037503750
0058875,57,F,$16188.0,75,red,0,9th,20secs,10:33:32.564PM,11:8:28.787AM,9.38,2000,2000200020002000200020002000200020002000
0058876,58,female,$7424.0,50,None,5,4th,29secs,12:47:51.505PM,7:3:44.55AM,2.62,3500,
0058877,84,Female,$21924.0,14,None,5,5th,24secs,10:39:28.98PM,7:24:43.17AM,-5.55,3000,30003000300030003000300030003000300030003000300030003000300030003000300030003000
0058878,65,F,$5590.0,50,reD,0,2nd,20secs,3:40:26.577AM,8:15:28.542AM,5.31,2250,
0058879,11,F,$649.0,15,green,8,8th,28secs,10:7:15.307PM,7:33:14.594AM,-6.52,2500,2500250025002500250025002500250025002500
0058880,83,Female,$8881.0,71,red,1,8th,24secs,10:3:5.317PM,5:53:10.985AM,3.76,3000,
0058881,13,M,$2821.0,64,red,7,6th,21secs,2:21:7.380AM,9:53:1.717AM,-11.06,3500,35003500350035003500
0058882,23,m,$1173.0,59,red,1,2nd,29secs,8:15:28.298PM,10:22:22.519AM,9.4,3000,3000300030003000300030003000300030003000
0058883,73,M,$7738.0,7,blue,6,5th,28secs,10:24:29.295PM,6:2:0.146AM,-9.43,1500,
0058884,39,f,$8268.0,78,yellow,2,3rd,25secs,8:18:1.652PM,9:50:12.520AM,11.57,1500,1500150015001500150015001500150015001500
0058885,50,m,$8149.999999999999,22,BLUE,0,8th,24secs,3:36:12.96AM,7:36:17.697AM,-3.47,2250,2250225022502250225022502250225022502250
0058886,36,female,$6228.0,25,blue,9,3rd,26secs,1:42:29.889AM,8:20:27.933AM,9.79,1750,
0058887,13,Female,$1417.0,54,red,6,2nd,28secs,11:51:18.554PM,9:9:52.504AM,-9.98,3250,325032503250325032503250325032503250325032503250325032503250
0058888,76,F,$4256.0,65,BLUE,2,6th,26secs,9:16:49.457PM,6:14:28.727AM,-8.76,1500,150015001500150015001500150015001500150015001500150015001500
0058889,49,Female,$12298.999999999998,61,None,3,6th,28secs,7:12:18.681PM,7:18:26.891AM,-11.68,1500,1500150015001500150015001500150015001500
0058890,7,f,$770.0000000000001,48,red,3,1st,23secs,7:28:44.666PM,6:8:9.396AM,-11.83,2250,
0058891,80,M,$2800.0,52,green,5,9th,28secs,9:43:6.455PM,12:33:49.753PM,2.24,2750,275027502750275027502750275027502750275027502750275027502750
0058892,11,F,$792.0,49,red,9,4th,29secs,4:18:49.610AM,5:40:59.466AM,-3.56,1750,17501750175017501750
0058893,35,Female,$4130.0,60,None,8,6th,30secs,7:8:2.702PM,8:38:18.476AM,10.22,2500,
0058894,7,f,$1379.0,62,green,8,2nd,27secs,3:21:41.735AM,5:50:34.949AM,-4.36,2750,27502750275027502750
0058895,78,F,$21372.0,48,green,5,1st,24secs,10:11:11.746PM,8:59:57.408AM,4.79,2250,22502250225022502250225022502250225022502250225022502250225022502250225022502250
0058896,13,m,$1625.0,62,yellow,1,1st,22secs,9:5:31.654PM,6:56:24.38AM,11.76,3500,35003500350035003500
0058897,89,male,$7120.0,32,blue,8,7th,22secs,9:32:26.379PM,7:40:7.192AM,1.26,3250,3250325032503250325032503250325032503250
0058898,30,male,$6240.0,42,BLUE,7,1st,24secs,12:44:33.366PM,8:18:7.285AM,3.17,3250,325032503250325032503250325032503250325032503250325032503250
0058899,22,female,$4994.0,23,green,1,9th,30secs,8:17:58.151PM,7:59:3.258AM,8.52,2250,225022502250225022502250225022502250225022502250225022502250
0058900,38,female,$2964.0,53,red,2,3rd,26secs,7:20:18.309PM,12:40:16.915PM,-5.26,2250,
0058901,81,f,$14661.0,79,BLUE,6,3rd,26secs,10:2:35.254PM,6:33:13.808AM,11.35,2250,
0058902,39,male,$9984.0,63,red,0,9th,23secs,8:8:38.790PM,12:3:49.949PM,-0.54,1750,1750175017501750175017501750175017501750
0058903,63,X,$15750.0,43,None,5,1st,24secs,4:17:51.26AM,11:36:20.552AM,-2.61,2500,25002500250025002500250025002500250025002500250025002500250025002500250025002500
0058904,18,male,$4806.0,72,None,1,2nd,30secs,7:59:34.538PM,10:15:19.48AM,4.27,3000,
0058905,32,X,$4896.0,68,red,6,5th,27secs,8:53:37.766PM,6:19:4.780AM,-4.77,3000,300030003000300030003000300030003000300030003000300030003000
0058906,88,X,$9856.000000000002,70,None,2,6th,29secs,7:37:45.304PM,10:36:33.157AM,-6.76,1500,
0058907,61,Male,$12382.999999999998,45,red,6,3rd,20secs,2:43:15.797AM,5:10:57.15AM,0.04,3500,
0058908,33,Female,$3399.0,28,red,2,5th,20secs,10:52:37.769PM,8:12:20.816AM,8.99,3500,
0058909,65,F,$13130.0,76,None,1,9th,22secs,12:40:59.942PM,8:6:46.938AM,0,2750,
0058910,60,Male,$10320.0,56,reD,0,6th,23secs,2:48:4.433AM,6:35:18.515AM,6.32,3250,32503250325032503250
0058911,46,X,$10534.0,38,blue,0,5th,30secs,8:43:34.868PM,9:18:4.642AM,-7.94,2500,2500250025002500250025002500250025002500
0058912,79,X,$6083.0,63,gReeN,6,7th,25secs,9:44:15.185PM,5:37:26.522AM,-3.53,1750,175017501750175017501750175017501750175017501750175017501750
0058913,63,f,$5292.0,52,blue,7,6th,29secs,1:5:40.923AM,12:26:17.221PM,-0.86,3250,3250325032503250325032503250325032503250
0058914,18,female,$3600.0,17,blue,1,5th,20secs,4:32:48.786AM,11:57:29.518AM,9.95,0,32503250325032503250325032503250325032503250325032503250325032503250325032503250
0058915,77,X,$6083.0,30,yellow,9,3rd,27secs,10:6:7.456PM,5:40:26.144AM,-2.84,2250,22502250225022502250225022502250225022502250225022502250225022502250225022502250
0058916,48,male,$11520.0,24,red,5,7th,27secs,7:48:54.138PM,6:24:37.688AM,-6.83,1750,17501750175017501750
0058917,58,m,$8526.0,43,BLUE,5,9th,30secs,8:20:23.911PM,5:59:37.602AM,-0.19,2500,25002500250025002500
0058918,61,Female,$16592.0,78,red,8,8th,29secs,4:5:31.3AM,7:6:39.681AM,-7.46,2500,
0058919,70,X,$14349.999999999998,70,gReeN,4,6th,25secs,2:12:40.86AM,9:46:29.200AM,11.92,2750,
0058920,71,X,$8662.0,64,blue,0,6th,20secs,1:41:7.450AM,11:37:31.533AM,-5.15,3000,
0058921,86,Female,$6192.0,5,reD,1,6th,24secs,12:33:40.830PM,10:19:51.574AM,-0.41,3500,3500350035003500350035003500350035003500
0058922,87,Female,$22620.0,7,gReeN,7,7th,26secs,11:12:23.230PM,11:15:59.265AM,3.47,2250,22502250225022502250
0058923,72,Male,$12888.0,45,BLUE,8,6th,24secs,7:16:42.376PM,8:22:1.897AM,-11.06,3000,
0058924,40,Female,$9120.0,70,BLUE,6,2nd,21secs,2:38:59.873AM,8:35:47.563AM,-7.36,2750,
0058925,72,f,$15192.0,44,yellow,5,7th,26secs,12:48:4.802PM,9:19:7.859AM,-5.26,3750,37503750375037503750375037503750375037503750375037503750375037503750375037503750
0058926,69,M,$6831.0,54,yellow,9,6th,29secs,8:59:34.395PM,10:35:53.484AM,10.47,2500,2500250025002500250025002500250025002500
0058927,76,m,$19912.0,60,gReeN,6,7th,29secs,11:8:36.599PM,5:48:0.965AM,2.42,2000,20002000200020002000
0058928,41,M,$2009.0,7,green,1,5th,20secs,4:39:9.261AM,12:53:58.650PM,3.34,3250,32503250325032503250325032503250325032503250325032503250325032503250325032503250
0058929,81,F,$18063.0,23,BLUE,7,7th,28secs,8:1:52.58PM,10:20:43.776AM,-2.01,3000,
0058930,87,male,$2958.0,39,reD,7,5th,27secs,2:48:0.595AM,8:43:42.907AM,4.58,2250,22502250225022502250
0058931,68,female,$13124.0,59,BLUE,5,2nd,28secs,1:17:51.582AM,6:59:41.821AM,9.93,3000,300030003000300030003000300030003000300030003000300030003000
0058932,47,M,$1034.0,66,reD,0,5th,24secs,4:22:22.419AM,8:38:30.668AM,-3.56,3500,35003500350035003500350035003500350035003500350035003500350035003500350035003500
0058933,62,m,$11470.0,57,yellow,0,8th,22secs,7:25:16.242PM,7:40:48.65AM,9.48,3000,30003000300030003000
0058934,16,Female,$4688.0,71,gReeN,2,6th,23secs,2:6:18.950AM,5:42:29.60AM,0.53,1500,15001500150015001500150015001500150015001500150015001500150015001500150015001500
0058935,54,X,$8586.0,56,None,0,9th,28secs,2:19:13.201AM,11:29:35.583AM,1.75,2000,200020002000200020002000200020002000200020002000200020002000
0058936,85,female,$20060.0,69,gReeN,9,7th,27secs,9:55:29.226PM,5:45:48.446AM,9.51,2250,
0058937,21,Male,$2940.0,69,yellow,9,5th,29secs,4:51:18.219AM,8:35:25.940AM,11.63,2000,20002000200020002000
0058938,34,male,$4352.0,71,reD,9,7th,22secs,7:5:33.127PM,7:3:48.217AM,-4.33,3000,30003000300030003000300030003000300030003000300030003000300030003000300030003000
0058939,69,F,$12144.0,29,green,1,7th,23secs,3:56:14.420AM,9:7:0.924AM,1.19,2500,2500250025002500250025002500250025002500
0058940,87,Male,$5220.0,13,reD,5,5th,23secs,8:53:52.57PM,11:12:49.678AM,-11.51,3000,
0058941,72,F,$20016.0,20,blue,0,7th,22secs,2:34:25.440AM,12:46:11.8PM,12.39,3500,35003500350035003500
0058942,73,M,$12118.0,11,gReeN,6,4th,20secs,7:8:7.450PM,8:30:43.342AM,12.29,3000,3000300030003000300030003000300030003000
0058943,49,X,$13965.0,62,green,4,9th,29secs,9:13:46.318PM,8:24:40.666AM,1.86,3250,
0058944,26,f,$6760.0,19,None,4,4th,29secs,12:21:58.760PM,7:0:29.338AM,2.69,3750,3750375037503750375037503750375037503750
0058945,80,Female,$17280.0,67,BLUE,3,8th,28secs,4:11:2.76AM,8:1:48.616AM,-0.2,2250,22502250225022502250
0058946,32,Male,$5152.0,53,gReeN,7,3rd,29secs,7:5:54.620PM,6:2:32.183AM,-1.19,2000,200020002000200020002000200020002000200020002000200020002000
0058947,46,M,$6440.0,73,yellow,7,3rd,25secs,2:7:3.862AM,7:38:11.958AM,2.81,2500,25002500250025002500
0058948,24,M,$4272.0,41,None,8,1st,30secs,3:0:37.687AM,6:21:43.536AM,-4.56,2250,
0058949,30,M,$3030.0,52,red,9,2nd,27secs,10:3:55.773PM,9:12:1.476AM,-10.3,3750,
0058950,74,Male,$14134.0,36,None,1,6th,21secs,1:54:16.746AM,9:43:8.712AM,4.52,3250,3250325032503250325032503250325032503250
0058951,57,F,$15789.0,69,BLUE,7,4th,25secs,4:35:47.318AM,12:20:44.811PM,6.15,1750,1750175017501750175017501750175017501750
0058952,41,Female,$7175.0,31,None,7,8th,23secs,4:57:19.856AM,10:30:52.667AM,11.24,2750,2750275027502750275027502750275027502750
0058953,43,female,$3655.0,46,yellow,8,7th,27secs,8:27:16.706PM,10:23:4.314AM,-7.67,1500,1500150015001500150015001500150015001500
0058954,22,male,$572.0,62,BLUE,1,2nd,27secs,10:13:1.838PM,9:50:13.93AM,-4.37,3000,3000300030003000300030003000300030003000
0058955,78,male,$7488.0,58,yellow,0,2nd,30secs,9:31:56.335PM,5:36:12.428AM,-11.76,2750,
0058956,20,Male,$1800.0,22,blue,8,9th,0,3:57:57.333AM,8:23:2.635AM,6.04,3250,325032503250325032503250325032503250325032503250325032503250
0058957,48,Male,$5520.0,36,BLUE,3,8th,25secs,10:27:21.92PM,7:53:42.558AM,11.55,2000,
0058958,75,Female,$4500.0,12,None,4,3rd,27secs,8:54:22.693PM,9:1:11.714AM,7.86,1500,1500150015001500150015001500150015001500
0058959,19,male,$2242.0,0,gReeN,0,6th,30secs,2:2:8.459AM,6:36:4.385AM,-2.65,2250,
0058960,63,female,$13545.0,33,reD,7,8th,20secs,1:3:26.908AM,12:25:25.410PM,6.43,3500,
0058961,46,Female,$12006.0,50,green,5,7th,28secs,4:38:48.918AM,5:15:18.616AM,9.1,3750,37503750375037503750
0058962,8,f,$2152.0,22,gReeN,1,7th,27secs,10:39:46.541PM,9:41:52.522AM,11.6,2250,22502250225022502250225022502250225022502250225022502250225022502250225022502250
0058963,38,X,$4560.0,78,BLUE,0,5th,22secs,10:16:44.688PM,12:4:40.602PM,-6.96,2500,25002500250025002500250025002500250025002500250025002500250025002500250025002500
0058964,34,f,$4692.0,49,BLUE,1,6th,24secs,8:24:34.943PM,10:18:37.765AM,-9.68,3750,3750375037503750375037503750375037503750
0058965,66,M,$18414.0,69,blue,4,4th,26secs,9:10:15.570PM,9:56:23.384AM,5.79,3500,
0058966,34,Male,$3875.9999999999995,29,blue,8,5th,28secs,2:38:35.867AM,6:22:21.11AM,-5.64,3500,35003500350035003500350035003500350035003500350035003500350035003500350035003500
0058967,63,male,$18837.0,0,None,8,9th,22secs,10:23:13.246PM,6:25:23.110AM,-6.77,2500,2500250025002500250025002500250025002500
0058968,54,female,$8802.0,21,gReeN,5,3rd,28secs,7:16:36.145PM,5:29:12.38AM,5.58,2000,200020002000200020002000200020002000200020002000200020002000
0058969,12,f,$1367.9999999999998,69,BLUE,1,5th,28secs,4:57:50.188AM,5:55:6.115AM,-0.35,1500,
0058970,63,female,$16569.0,16,green,7,1st,0,10:28:14.700PM,7:23:24.479AM,-0.86,3000,
0058971,90,Male,$18900.0,38,blue,6,9th,29secs,8:31:10.390PM,12:15:13.175PM,9.72,0,
0058972,57,male,$4047.0,16,green,4,6th,27secs,2:50:49.589AM,5:57:28.751AM,-3.96,3250,32503250325032503250
0058973,26,F,$1481.9999999999998,28,gReeN,6,4th,20secs,3:52:27.282AM,11:32:40.775AM,1.69,3500,350035003500350035003500350035003500350035003500350035003500
0058974,25,Male,$2050.0,77,blue,0,3rd,22secs,11:49:13.686PM,6:34:8.904AM,10.97,2000,2000200020002000200020002000200020002000
0058975,45,male,$6120.0,12,None,1,9th,27secs,1:15:32.977AM,7:0:38.272AM,-1.88,2250,22502250225022502250
0058976,45,F,$10485.0,53,BLUE,0,5th,20secs,11:51:49.740PM,5:0:40.496AM,11.57,3500,
0058977,44,female,$4224.0,36,green,4,7th,29secs,11:55:55.751PM,5:5:15.446AM,-7.03,2500,2500250025002500250025002500250025002500
0058978,69,Female,$10833.0,53,blue,8,6th,25secs,12:26:20.894PM,7:14:1.326AM,-8.12,3750,37503750375037503750375037503750375037503750375037503750375037503750375037503750
0058979,10,F,$1540.0,69,yellow,5,5th,22secs,3:8:19.292AM,10:9:17.289AM,-0.31,2500,250025002500250025002500250025002500250025002500250025002500
0058980,34,Female,$6086.0,64,gReeN,3,1st,24secs,2:29:12.774AM,9:9:3.439AM,0.67,3000,30003000300030003000
0058981,45,X,$8640.0,79,green,5,4th,22secs,8:13:23.757PM,7:13:11.509AM,-12.07,1500,1500150015001500150015001500150015001500
0058982,89,M,$22161.000000000004,31,BLUE,4,2nd,30secs,1:57:25.1AM,9:24:43.529AM,1.05,2250,22502250225022502250
0058983,24,Female,$6816.0,60,yellow,4,1st,23secs,8:32:2.726PM,5:25:39.745AM,-4.13,1750,17501750175017501750175017501750175017501750175017501750175017501750175017501750
0058984,59,female,$2360.0,44,reD,4,3rd,22secs,3:19:53.126AM,12:13:22.833PM,7.61,1500,1500150015001500150015001500150015001500
0058985,70,F,$6160.0,71,reD,0,5th,23secs,2:46:28.378AM,7:32:43.44AM,-2.96,2000,20002000200020002000200020002000200020002000200020002000200020002000200020002000
0058986,0,Male,$4420.0,63,gReeN,6,6th,24secs,7:44:48.277PM,7:23:4.240AM,8.38,3250,32503250325032503250325032503250325032503250325032503250325032503250325032503250
0058987,61,Male,$4209.0,43,BLUE,3,5th,20secs,3:15:41.11AM,6:11:44.804AM,6.18,1750,17501750175017501750
0058988,56,male,$7280.0,5,BLUE,7,6th,21secs,2:13:21.254AM,10:56:6.995AM,-7.62,3750,375037503750375037503750375037503750375037503750375037503750
0058989,17,X,$3689.0,77,reD,1,8th,24secs,8:44:12.880PM,11:19:34.464AM,8.25,2750,27502750275027502750
0058990,73,M,$11972.0,62,None,6,8th,29secs,11:45:11.687PM,10:46:22.316AM,-11.42,1500,
0058991,37,f,$1332.0,10,red,8,9th,27secs,10:25:56.22PM,10:19:19.823AM,0.42,2250,22502250225022502250
0058992,34,m,$3604.0,65,BLUE,4,1st,21secs,4:42:33.552AM,6:31:53.463AM,-0.48,3250,32503250325032503250
0058993,9,Male,$1962.0000000000002,72,green,7,3rd,23secs,3:46:17.910AM,9:34:31.684AM,7.4,2500,2500250025002500250025002500250025002500
0058994,45,M,$3104.9999999999995,25,red,3,8th,26secs,11:1:22.472PM,11:1:6.671AM,-12.07,3000,300030003000300030003000300030003000300030003000300030003000
0058995,53,Male,$12243.0,52,red,9,1st,28secs,3:38:23.350AM,8:1:0.744AM,8.83,2500,25002500250025002500250025002500250025002500250025002500250025002500250025002500
0058996,45,Female,$9855.0,11,reD,2,4th,22secs,2:24:53.597AM,6:51:19.212AM,9.28,3500,35003500350035003500350035003500350035003500350035003500350035003500350035003500
0058997,70,M,$3360.0,42,red,8,8th,24secs,10:58:55.241PM,10:54:1.843AM,11.75,3000,
0058998,55,m,$3245.0,68,yellow,6,2nd,21secs,12:9:11.286PM,7:14:26.997AM,9.41,3750,3750375037503750375037503750375037503750
0058999,26,F,$6942.0,70,blue,4,6th,29secs,8:36:37.547PM,10:51:21.896AM,-1.54,2500,250025002500250025002500250025002500250025002500250025002500
0059000,55,m,$16060.0,32,BLUE,9,8th,28secs,1:46:42.98AM,9:38:7.877AM,3.27,2000,
0059001,27,f,$5589.0,23,green,4,4th,26secs,7:31:2.172PM,11:40:10.878AM,8.26,3500,35003500350035003500
0059002,28,m,$8176.0,53,reD,7,5th,27secs,11:8:19.907PM,6:19:27.296AM,-3.36,2750,
0059003,28,F,$4620.0,40,blue,7,3rd,24secs,11:54:42.665PM,8:13:17.604AM,4.97,2500,250025002500250025002500250025002500250025002500250025002500
0059004,62,female,$13020.0,43,None,4,9th,23secs,4:32:34.597AM,5:3:23.694AM,-7.85,2000,
0059005,81,Female,$1620.0,56,reD,4,1st,23secs,4:50:15.791AM,11:45:14.286AM,-9.61,3750,
0059006,15,female,$1500.0,76,green,7,2nd,30secs,0,9:47:34.142AM,-5.59,2500,25002500250025002500250025002500250025002500250025002500250025002500250025002500
0059007,45,Male,$4995.0,33,gReeN,0,3rd,26secs,12:0:53.232PM,12:58:52.969PM,-9.16,2750,
0059008,21,Male,$6174.0,27,gReeN,4,2nd,23secs,11:38:48.663PM,7:50:1.380AM,-2.37,2000,
0059009,10,M,$360.0,74,reD,9,5th,26secs,2:12:34.371AM,9:25:39.532AM,11.06,2000,2000200020002000200020002000200020002000
0059010,55,Female,$14850.000000000002,26,BLUE,4,3rd,29secs,11:2:3.413PM,8:54:19.743AM,8.27,3750,
0059011,47,Female,$8460.0,30,yellow,4,7th,24secs,4:0:56.777AM,6:39:28.496AM,-9.09,2750,27502750275027502750
0059012,0,F,$3863.9999999999995,63,reD,9,5th,20secs,10:58:43.31PM,7:43:58.350AM,2.28,3250,32503250325032503250
0059013,28,female,$4564.0,54,gReeN,4,4th,29secs,8:46:18.259PM,8:20:0.145AM,-6.88,1500,
0059014,80,Female,$21360.0,69,blue,3,5th,29secs,2:2:41.837AM,11:15:54.391AM,0.78,2500,25002500250025002500250025002500250025002500250025002500250025002500250025002500
0059015,47,male,$13160.0,64,blue,7,3rd,22secs,7:42:31.186PM,6:55:56.576AM,-8.02,1500,15001500150015001500150015001500150015001500150015001500150015001500150015001500
0059016,50,Male,$1850.0,12,reD,2,1st,23secs,1:53:50.370AM,10:16:32.557AM,-11.84,2750,2750275027502750275027502750275027502750
0059017,33,m,$9141.0,46,red,3,7th,28secs,11:53:58.253PM,11:54:57.47AM,6.24,2500,250025002500250025002500250025002500250025002500250025002500
0059018,89,F,$13528.0,18,gReeN,1,6th,28secs,12:36:58.129PM,5:11:18.532AM,5.17,3750,37503750375037503750375037503750375037503750375037503750375037503750375037503750
0059019,24,Female,$6671.999999999999,71,gReeN,1,5th,30secs,2:53:33.465AM,12:4:6.588PM,0.41,3250,32503250325032503250325032503250325032503250325032503250325032503250325032503250
0059020,44,M,$8536.0,58,green,0,8th,0,4:54:2.643AM,7:38:46.444AM,-9.54,2250,
0059021,72,X,$15120.0,46,yellow,7,4th,25secs,8:16:41.367PM,6:49:8.242AM,-1.17,2250,22502250225022502250
0059022,42,m,$966.0,56,gReeN,5,9th,24secs,1:57:37.137AM,10:57:3.516AM,8.9,3000,300030003000300030003000300030003000300030003000300030003000
0059023,40,M,$1840.0,73,None,6,9th,28secs,12:26:18.81PM,5:30:31.644AM,-3.15,1750,175017501750175017501750175017501750175017501750175017501750
0059024,57,female,$3932.9999999999995,63,blue,1,5th,29secs,1:37:32.119AM,11:20:57.595AM,-1.28,3500,
0059025,34,Female,$1224.0,37,None,6,9th,23secs,1:26:31.523AM,10:25:28.558AM,10.56,1500,150015001500150015001500150015001500150015001500150015001500
0059026,23,M,$2001.0,42,gReeN,8,5th,25secs,7:57:1.514PM,11:35:29.811AM,0.27,1500,0
0059027,14,Female,$1652.0,17,None,7,9th,29secs,10:37:45.511PM,9:11:1.377AM,-0.47,2750,
0059028,8,m,$648.0,61,reD,0,2nd,0,8:14:46.19PM,12:16:58.17PM,7.8,3750,375037503750375037503750375037503750375037503750375037503750
0059029,83,f,$16600.0,16,yellow,5,6th,29secs,9:9:54.615PM,7:9:23.975AM,-9.9,2250,
0059030,31,F,$5518.0,60,reD,4,2nd,24secs,1:47:27.80AM,7:27:21.848AM,9.12,1750,17501750175017501750175017501750175017501750175017501750175017501750175017501750
0059031,43,F,$6149.0,79,BLUE,2,3rd,22secs,2:27:41.325AM,6:38:15.257AM,0.51,3750,37503750375037503750375037503750375037503750375037503750375037503750375037503750
0059032,44,M,$2464.0000000000005,52,blue,6,7th,24secs,2:5:23.933AM,6:0:2.594AM,-1.64,3750,37503750375037503750375037503750375037503750375037503750375037503750375037503750
0059033,47,m,$13959.000000000002,6,yellow,7,9th,22secs,7:38:5.733PM,7:11:38.463AM,-7.3,3000,30003000300030003000300030003000300030003000300030003000300030003000300030003000
0059034,26,m,$5018.0,77,red,8,9th,21secs,9:12:31.283PM,10:22:32.977AM,3.47,2250,
0059035,70,X,$12460.0,33,yellow,6,1st,22secs,9:48:1.508PM,12:38:31.92PM,-6.93,1500,
0059036,57,Male,$10887.0,46,gReeN,9,1st,25secs,1:48:31.432AM,6:7:0.811AM,1.98,3500,
0059037,13,female,$507.0,37,yellow,0,8th,24secs,11:52:29.254PM,11:4:13.240AM,8.56,1500,15001500150015001500
0059038,27,female,$944.9999999999999,56,green,1,1st,28secs,7:14:45.352PM,11:26:53.687AM,4.7,1500,1500150015001500150015001500150015001500
0059039,47,male,$2632.0000000000005,62,red,3,2nd,29secs,8:20:40.743PM,11:58:1.219AM,-6.59,2000,
0059040,23,f,$6854.0,68,gReeN,5,2nd,20secs,8:10:9.633PM,5:45:35.819AM,1.13,3000,30003000300030003000300030003000300030003000300030003000300030003000300030003000
0059041,59,male,$8378.0,21,yellow,9,5th,29secs,7:50:44.442PM,6:21:5.48AM,-10.05,3750,
0059042,77,Female,$15246.0,24,None,9,5th,28secs,9:34:9.760PM,5:22:10.905AM,-10.13,2000,200020002000200020002000200020002000200020002000200020002000
0059043,32,M,$7264.0,12,green,4,9th,20secs,12:28:27.755PM,6:30:34.846AM,2.45,3000,
0059044,63,Male,$16380.0,20,yellow,9,5th,23secs,12:51:50.422PM,11:14:55.697AM,0.28,3000,
0059045,26,M,$3900.0,63,gReeN,4,7th,30secs,11:37:23.489PM,6:48:42.729AM,8.05,2750,27502750275027502750
0059046,29,Male,$6438.000000000001,79,blue,2,5th,23secs,4:52:50.6AM,7:5:42.451AM,11.91,2500,2500250025002500250025002500250025002500
0059047,89,Male,$13617.0,43,yellow,8,1st,28secs,9:25:54.697PM,6:31:12.470AM,-0.96,3500,350035003500350035003500350035003500350035003500350035003500
0059048,59,female,$13983.0,17,gReeN,3,2nd,23secs,10:0:9.339PM,12:11:25.227PM,11.13,2750,
0059049,45,Male,$3645.0000000000005,36,green,2,4th,22secs,3:1:29.323AM,11:22:12.143AM,-0.89,2750,275027502750275027502750275027502750275027502750275027502750
0059050,63,Male,$3590.9999999999995,7,BLUE,4,7th,29secs,12:28:22.484PM,10:52:8.519AM,8.21,3250,32503250325032503250
0059051,60,M,$5580.0,16,reD,0,9th,26secs,3:54:14.148AM,12:45:27.453PM,-3.52,1500,15001500150015001500
0059052,37,f,$3774.0,47,BLUE,3,6th,24secs,10:27:33.390PM,8:35:28.576AM,8.64,1500,1500150015001500150015001500150015001500
0059053,63,X,$8253.0,77,gReeN,6,8th,30secs,4:12:18.924AM,5:3:0.993AM,1.78,3250,3250325032503250325032503250325032503250
0059054,13,male,$3822.0,75,green,7,6th,25secs,7:59:31.695PM,11:56:56.527AM,0.19,1500,150015001500150015001500150015001500150015001500150015001500
0059055,8,X,$568.0,70,yellow,4,6th,26secs,8:16:41.791PM,8:48:38.973AM,0.5,3750,3750375037503750375037503750375037503750
0059056,23,male,$1564.0,16,None,5,3rd,30secs,3:14:45.604AM,12:13:33.478PM,11.52,2750,27502750275027502750275027502750275027502750275027502750275027502750275027502750
0059057,18,Male,$2322.0,56,None,0,6th,24secs,12:52:8.847PM,5:11:21.358AM,10.22,1500,1500150015001500150015001500150015001500
0059058,76,X,$6992.0,57,green,3,2nd,23secs,1:25:34.224AM,6:45:26.101AM,3.73,1500,150015001500150015001500150015001500150015001500150015001500
0059059,24,X,$2880.0,29,yellow,9,8th,26secs,7:42:16.516PM,10:10:43.115AM,-2.59,1500,15001500150015001500
0059060,35,M,$2765.0,16,green,1,3rd,27secs,12:47:20.646PM,5:41:6.734AM,-11.13,2000,20002000200020002000200020002000200020002000200020002000200020002000200020002000
0059061,11,m,$2937.0,37,None,6,6th,26secs,1:0:52.569AM,5:16:9.342AM,8.32,1750,
0059062,29,m,$6322.000000000001,66,BLUE,6,8th,21secs,4:31:27.697AM,12:39:1.57PM,3.63,3250,
0059063,48,male,$14352.000000000002,44,BLUE,5,9th,29secs,9:46:15.211PM,8:12:26.766AM,11.24,1500,150015001500150015001500150015001500150015001500150015001500
0059064,68,m,$9384.0,56,BLUE,5,8th,21secs,12:2:10.110PM,6:2:5.576AM,7.25,1750,17501750175017501750175017501750175017501750175017501750175017501750175017501750
0059065,51,f,$1887.0,15,blue,9,9th,24secs,2:59:10.840AM,11:51:7.71AM,5.67,1500,15001500150015001500150015001500150015001500150015001500150015001500150015001500
0059066,75,f,$2175.0,56,blue,3,9th,26secs,2:43:20.773AM,7:58:14.978AM,-5.23,3250,3250325032503250325032503250325032503250
0059067,51,M,$2244.0,10,BLUE,5,9th,21secs,12:18:50.789PM,6:54:20.466AM,7.57,2750,
0059068,67,F,$9179.0,24,None,8,1st,26secs,4:43:38.294AM,10:45:22.50AM,7.89,2250,
0059069,40,female,$5160.0,25,yellow,4,6th,22secs,9:13:36.598PM,8:54:49.899AM,-11.65,3750,
0059070,75,M,$2025.0000000000002,37,reD,2,4th,20secs,2:56:30.50AM,8:54:13.239AM,-10.58,2500,250025002500250025002500250025002500250025002500250025002500
0059071,19,male,$5016.0,26,BLUE,5,6th,27secs,1:1:17.109AM,6:16:29.284AM,-9.61,2000,20002000200020002000200020002000200020002000200020002000200020002000200020002000
0059072,67,X,$2948.0,51,yellow,4,5th,30secs,2:32:24.830AM,8:23:24.770AM,-4.71,3500,3500350035003500350035003500350035003500
0059073,55,m,$11605.0,73,None,4,5th,29secs,8:53:31.893PM,11:43:8.970AM,-5.89,3750,375037503750375037503750375037503750375037503750375037503750
0059074,28,Male,$6720.0,31,yellow,0,1st,26secs,11:44:43.784PM,11:3:36.808AM,-10.17,2750,27502750275027502750
0059075,87,X,$12267.0,26,BLUE,2,8th,26secs,11:51:8.571PM,10:28:13.257AM,2.45,3000,
0059076,65,Male,$3900.0,68,gReeN,5,8th,21secs,8:12:59.392PM,10:0:10.893AM,-9.34,2750,27502750275027502750275027502750275027502750275027502750275027502750275027502750
0059077,40,X,$5040.0,53,green,8,2nd,27secs,7:39:17.71PM,6:53:1.16AM,-9.87,1750,17501750175017501750
0059078,22,male,$3696.0,42,None,0,1st,27secs,4:43:3.882AM,5:17:1.6AM,5.49,2500,2500250025002500250025002500250025002500
0059079,87,M,$8700.0,34,gReeN,1,9th,25secs,2:47:32.510AM,6:16:9.490AM,2.14,2750,2750275027502750275027502750275027502750
0059080,68,X,$19448.0,10,gReeN,7,9th,29secs,12:24:27.927PM,9:19:7.745AM,8.49,2750,2750275027502750275027502750275027502750
0059081,17,f,$4063.0,69,gReeN,8,2nd,25secs,1:33:42.762AM,11:54:25.112AM,1.99,1750,175017501750175017501750175017501750175017501750175017501750
0059082,85,female,$5525.0,5,green,7,9th,22secs,10:1:12.52PM,10:25:37.93AM,0.93,3750,
0059083,51,Female,$9027.0,15,reD,9,8th,24secs,4:38:5.199AM,8:1:46.507AM,6.04,1750,17501750175017501750
0059084,30,X,$4140.0,5,blue,5,3rd,21secs,1:0:29.876AM,9:7:8.432AM,-4.98,1750,
0059085,69,M,$2346.0,30,None,0,1st,27secs,9:33:3.60PM,10:54:50.257AM,-5.97,3500,35003500350035003500350035003500350035003500350035003500350035003500350035003500
0059086,41,m,$5986.0,74,red,8,9th,25secs,8:49:33.392PM,12:38:42.732PM,-8.92,3000,30003000300030003000300030003000300030003000300030003000300030003000300030003000
0059087,89,X,$25454.0,75,blue,4,7th,24secs,4:14:5.965AM,5:32:26.669AM,-0.95,3750,
0059088,34,Male,$1326.0,58,BLUE,5,7th,25secs,7:58:46.214PM,9:39:43.604AM,-9.34,1500,150015001500150015001500150015001500150015001500150015001500
0059089,76,M,$13300.0,61,reD,8,6th,28secs,9:17:31.693PM,6:53:9.111AM,-5.03,3750,37503750375037503750375037503750375037503750375037503750375037503750375037503750
0059090,46,Male,$2024.0,69,red,8,4th,27secs,8:53:10.47PM,7:53:15.83AM,-11.27,2250,22502250225022502250
0059091,71,f,$21087.0,44,red,0,1st,21secs,10:23:14.403PM,7:32:33.153AM,6.61,2000,20002000200020002000200020002000200020002000200020002000200020002000200020002000
0059092,23,male,$3243.0,20,yellow,3,9th,27secs,12:3:34.735PM,7:54:41.438AM,-6.45,1750,
0059093,47,male,$10246.0,35,reD,1,8th,27secs,9:59:52.530PM,8:35:24.62AM,3.74,2500,
0059094,31,m,$9052.0,72,reD,0,3rd,29secs,11:51:22.637PM,7:53:23.15AM,-5.06,2250,22502250225022502250225022502250225022502250225022502250225022502250225022502250
0059095,20,male,$2120.0,38,blue,7,4th,28secs,9:24:55.688PM,5:6:36.679AM,2.69,1750,17501750175017501750175017501750175017501750175017501750175017501750175017501750
0059096,65,male,$18525.0,59,blue,8,8th,21secs,10:32:3.147PM,5:12:44.603AM,2.29,2250,
0059097,21,f,$987.0,68,blue,7,9th,29secs,9:0:0.640PM,8:10:55.56AM,-4.36,2750,
0059098,55,female,$2860.0,76,red,3,1st,28secs,7:36:19.425PM,9:11:32.776AM,-5.97,3750,
0059099,49,Male,$12936.0,34,blue,6,7th,22secs,10:45:51.441PM,12:0:48.872PM,-3.18,2750,27502750275027502750
0059100,40,female,$6120.0,26,None,0,5th,23secs,2:38:21.757AM,11:23:47.819AM,-4.41,2500,2500250025002500250025002500250025002500
0059101,40,Male,$2320.0,10,gReeN,2,7th,29secs,12:12:5.886PM,5:16:16.9AM,12.22,3500,3500350035003500350035003500350035003500
0059102,67,Female,$2144.0,55,BLUE,5,6th,26secs,12:45:5.353PM,8:50:13.501AM,2.3,3500,350035003500350035003500350035003500350035003500350035003500
0059103,31,Male,$4185.0,59,red,4,4th,24secs,9:8:42.412PM,9:10:24.208AM,3.86,2250,2250225022502250225022502250225022502250
0059104,72,M,$16992.0,21,green,7,6th,20secs,8:58:51.464PM,10:38:30.837AM,9.74,2750,2750275027502750275027502750275027502750
0059105,62,M,$14508.0,9,gReeN,0,6th,26secs,2:6:20.881AM,11:5:38.827AM,11.82,1750,175017501750175017501750175017501750175017501750175017501750
0059106,45,f,$5400.0,24,reD,4,4th,22secs,12:9:54.263PM,5:21:34.517AM,-1.83,3500,350035003500350035003500350035003500350035003500350035003500
0059107,15,f,$720.0,19,yellow,1,6th,23secs,12:52:33.635PM,7:51:12.271AM,-1.79,1500,
0059108,90,M,$21420.0,11,blue,8,3rd,23secs,7:48:6.798PM,6:12:34.401AM,5.76,2250,22502250225022502250
0059109,84,male,$15792.0,79,green,1,2nd,20secs,3:38:32.570AM,10:24:57.491AM,-12.42,1750,1750175017501750175017501750175017501750
0059110,25,M,$2475.0,42,yellow,2,6th,22secs,11:11:41.576PM,7:35:17.141AM,11.51,2250,
0059111,38,f,$1140.0,23,reD,6,7th,20secs,8:40:8.865PM,8:39:29.525AM,0.86,1500,15001500150015001500150015001500150015001500150015001500150015001500150015001500
0059112,62,Male,$5952.0,8,None,4,4th,25secs,11:9:32.641PM,7:39:17.692AM,-4.42,1750,
0059113,79,M,$9243.0,40,reD,2,2nd,22secs,10:11:4.312PM,11:43:30.479AM,-3.52,3000,
0059114,21,male,$2121.0,22,yellow,4,5th,20secs,4:32:19.416AM,6:33:18.134AM,-3.22,1500,15001500150015001500150015001500150015001500150015001500150015001500150015001500
0059115,31,female,$5518.0,71,green,1,2nd,24secs,9:24:52.469PM,8:14:42.197AM,-8.22,2500,
0059116,55,Female,$8250.0,9,None,6,8th,30secs,9:9:45.713PM,8:37:3.626AM,-10.75,3750,37503750375037503750
0059117,61,female,$5429.0,41,green,5,8th,29secs,9:32:12.660PM,9:1:11.78AM,-2.32,2500,250025002500250025002500250025002500250025002500250025002500
0059118,83,male,$19920.0,25,BLUE,3,5th,27secs,1:22:17.166AM,10:41:49.338AM,-11.77,3250,32503250325032503250325032503250325032503250325032503250325032503250325032503250
0059119,38,female,$8360.0,34,gReeN,7,2nd,25secs,10:44:59.635PM,5:27:28.698AM,11.59,2500,250025002500250025002500250025002500250025002500250025002500
0059120,0,Female,$18720.0,13,red,2,5th,27secs,9:58:48.618PM,7:40:39.214AM,4.64,2750,27502750275027502750275027502750275027502750275027502750275027502750275027502750
0059121,38,male,$3116.0,64,gReeN,6,2nd,20secs,3:46:50.610AM,7:51:6.395AM,4.15,3750,3750375037503750375037503750375037503750
0059122,36,f,$8280.0,48,green,0,5th,24secs,4:51:36.519AM,11:5:27.836AM,-0.67,2750,
0059123,84,F,$4452.0,11,yellow,2,1st,21secs,12:27:19.350PM,9:22:26.139AM,-2.48,3000,300030003000300030003000300030003000300030003000300030003000
0059124,42,male,$3738.0,59,red,9,5th,24secs,1:43:43.599AM,11:6:3.318AM,6.72,1500,
0059125,67,Female,$11524.0,78,yellow,9,9th,30secs,2:52:9.294AM,6:29:6.750AM,-10.82,3000,30003000300030003000
0059126,28,male,$6720.0,24,reD,0,4th,21secs,12:36:34.727PM,7:34:57.885AM,8.94,1750,17501750175017501750175017501750175017501750175017501750175017501750175017501750
0059127,75,m,$18225.0,55,gReeN,4,7th,27secs,4:11:46.690AM,12:11:57.621PM,-5.68,3750,
0059128,89,female,$20737.0,68,red,8,5th,27secs,2:19:13.214AM,6:46:18.202AM,0.91,1500,15001500150015001500150015001500150015001500150015001500150015001500150015001500
0059129,8,F,$2016.0,19,None,5,9th,28secs,8:24:53.825PM,10:57:41.247AM,-11.9,2000,
0059130,65,X,$12155.0,6,gReeN,5,5th,29secs,12:49:17.77PM,9:59:36.913AM,-1.69,2750,27502750275027502750275027502750275027502750275027502750275027502750275027502750
0059131,50,male,$6450.0,12,gReeN,2,6th,24secs,3:36:50.985AM,5:18:16.223AM,12.07,3500,35003500350035003500
0059132,72,Female,$17496.0,70,red,9,1st,20secs,3:6:14.115AM,12:56:41.666PM,7.82,2000,200020002000200020002000200020002000200020002000200020002000
0059133,69,X,$17043.0,62,yellow,4,4th,23secs,9:38:12.74PM,12:31:54.81PM,6.85,3000,
0059134,50,X,$3150.0,76,red,4,8th,22secs,2:37:39.707AM,6:33:41.137AM,-7.88,2250,
0059135,21,f,$4725.0,26,BLUE,7,8th,29secs,3:49:30.445AM,8:45:38.446AM,3.4,3000,
0059136,85,X,$7735.0,22,reD,3,7th,24secs,3:43:32.520AM,10:54:54.353AM,-5.54,1750,
0059137,79,Male,$9243.0,13,yellow,0,5th,24secs,8:59:32.269PM,12:17:54.40PM,-7.42,3000,300030003000300030003000300030003000300030003000300030003000
0059138,85,X,$15130.0,20,green,2,6th,29secs,8:59:34.387PM,10:24:1.859AM,0.62,3000,
0059139,72,X,$17424.0,28,gReeN,1,9th,28secs,3:48:32.142AM,9:43:12.402AM,3.56,2500,
0059140,44,F,$3432.0,74,None,9,3rd,23secs,7:8:4.363PM,8:21:40.212AM,1.5,3250,32503250325032503250325032503250325032503250325032503250325032503250325032503250
0059141,43,X,$9245.0,74,green,6,2nd,22secs,11:27:18.732PM,9:13:9.390AM,-0.9,3000,
0059142,72,female,$21096.0,20,gReeN,4,3rd,30secs,9:23:35.646PM,10:50:41.954AM,-1.31,3750,37503750375037503750375037503750375037503750375037503750375037503750375037503750
0059143,20,m,$5600.0,56,reD,7,8th,21secs,11:5:20.621PM,6:42:19.419AM,9.0,1500,150015001500150015001500150015001500150015001500150015001500
0059144,16,X,$768.0,24,yellow,6,8th,30secs,7:53:4.171PM,8:22:33.523AM,-3.79,1750,17501750175017501750
0059145,68,Male,$11220.0,0,None,3,3rd,26secs,1:25:56.714AM,8:25:25.242AM,1.16,2000,200020002000200020002000200020002000200020002000200020002000
0059146,77,male,$11319.0,73,yellow,8,5th,25secs,11:20:32.880PM,7:57:34.938AM,11.16,3750,37503750375037503750
0059147,82,Male,$3362.0,77,BLUE,2,1st,22secs,3:27:39.665AM,5:41:55.594AM,11.55,2500,
0059148,56,f,$2632.0,73,0,6,2nd,20secs,3:43:21.809AM,7:0:0.670AM,-4.57,2750,27502750275027502750275027502750275027502750275027502750275027502750275027502750
0059149,26,M,$6838.0,24,blue,8,4th,21secs,8:55:50.566PM,6:23:48.780AM,11.73,2750,27502750275027502750
0059150,19,f,$4028.0,67,green,7,1st,28secs,8:9:59.497PM,6:33:2.894AM,10.17,1750,
0059151,45,M,$3240.0,63,gReeN,6,4th,22secs,8:43:31.879PM,6:14:8.583AM,7.56,2000,
0059152,87,F,$16269.000000000002,44,green,8,8th,25secs,4:24:56.958AM,9:47:59.371AM,5.41,3250,325032503250325032503250325032503250325032503250325032503250
0059153,8,Male,$360.0,39,yellow,4,0,30secs,11:53:22.52PM,9:14:46.330AM,11.55,2750,27502750275027502750275027502750275027502750275027502750275027502750275027502750
0059154,61,Male,$5795.0,45,gReeN,3,7th,24secs,2:51:51.0AM,7:30:12.265AM,-3.02,1500,150015001500150015001500150015001500150015001500150015001500
0059155,45,f,$11790.0,30,None,4,5th,25secs,3:29:51.606AM,8:33:29.315AM,3.91,2500,250025002500250025002500250025002500250025002500250025002500
0059156,25,male,$3250.0,37,red,5,6th,24secs,7:9:30.490PM,6:7:7.758AM,-5.45,1500,
0059157,16,Female,$2592.0,5,green,8,9th,29secs,7:2:48.509PM,9:2:21.506AM,-2.58,3250,
0059158,65,M,$7409.999999999999,16,reD,7,5th,25secs,1:38:58.9AM,5:35:21.114AM,-0.89,2250,225022502250225022502250225022502250225022502250225022502250
0059159,20,X,$3780.0,65,green,6,8th,30secs,4:7:39.74AM,5:8:52.123AM,-11.73,2500,
0059160,17,female,$4743.0,43,green,8,8th,22secs,10:31:5.0PM,7:46:51.539AM,10.27,2500,25002500250025002500
0059161,57,M,$2679.0,43,yellow,3,2nd,21secs,12:49:14.705PM,9:15:46.69AM,-1.54,2750,
0059162,90,Female,$16830.0,9,0,0,6th,24secs,7:31:1.436PM,8:37:33.662AM,-10.69,2250,
0059163,45,Female,$5445.0,41,None,8,9th,24secs,8:23:1.464PM,11:6:29.435AM,-4.41,2500,2500250025002500250025002500250025002500
0059164,63,F,$11340.0,13,blue,0,5th,28secs,4:43:2.671AM,6:55:43.554AM,4.07,3000,3000300030003000300030003000300030003000
0059165,16,m,$3792.0,40,reD,5,3rd,20secs,7:45:18.772PM,10:27:33.973AM,-11.4,1750,
0059166,20,Female,$2320.0,8,0,6,8th,24secs,8:16:50.425PM,8:43:18.816AM,-12.45,2000,2000200020002000200020002000200020002000
0059167,48,female,$14352.000000000002,16,yellow,9,3rd,22secs,2:19:16.701AM,5:45:39.366AM,10.07,1500,1500150015001500150015001500150015001500
0059168,12,M,$983.9999999999999,74,None,1,8th,22secs,10:23:37.226PM,6:15:55.79AM,2.11,1500,15001500150015001500150015001500150015001500150015001500150015001500150015001500
0059169,81,F,$11907.0,48,None,7,1st,21secs,8:38:8.595PM,9:8:21.412AM,7.42,1500,
0059170,20,m,$5800.0,51,red,3,1st,27secs,1:21:41.227AM,8:51:20.109AM,-11.4,3500,0
0059171,25,m,$6400.0,69,reD,7,1st,26secs,11:41:6.308PM,6:17:10.144AM,-4.04,2750,
0059172,64,X,$5632.0,31,reD,0,7th,24secs,11:42:15.343PM,12:18:42.461PM,8.74,1750,17501750175017501750175017501750175017501750175017501750175017501750175017501750
0059173,73,male,$15256.999999999998,20,blue,6,1st,27secs,7:54:42.805PM,6:45:27.781AM,-7.28,1750,
0059174,66,m,$19800.0,59,blue,0,8th,25secs,2:39:7.192AM,5:12:36.407AM,10.3,3000,
0059175,77,X,$20405.0,26,red,1,5th,22secs,3:58:5.509AM,11:55:40.174AM,11.25,2750,
0059176,61,M,$1525.0,0,green,2,3rd,22secs,11:8:21.789PM,10:26:17.521AM,-3.86,2000,20002000200020002000200020002000200020002000200020002000200020002000200020002000
0059177,11,male,$1925.0,25,red,5,1st,25secs,9:45:18.394PM,5:52:37.680AM,-2.41,2000,
0059178,22,Male,$5698.0,63,BLUE,0,5th,30secs,4:20:42.762AM,10:6:12.982AM,2.93,1750,
0059179,50,male,$8450.0,0,green,2,4th,25secs,11:9:27.815PM,7:54:24.301AM,3.18,3750,37503750375037503750
0059180,16,male,$528.0,56,None,9,1st,24secs,11:12:16.742PM,11:23:26.515AM,-11.86,0,300030003000300030003000300030003000300030003000300030003000
0059181,84,m,$24024.0,43,green,6,7th,26secs,11:30:30.821PM,9:48:12.45AM,2.14,1750,17501750175017501750175017501750175017501750175017501750175017501750175017501750
0059182,9,Male,$648.0,57,None,6,6th,27secs,3:49:40.831AM,5:7:20.975AM,-9.84,1750,17501750175017501750
0059183,65,X,$5135.0,34,reD,8,3rd,28secs,3:6:5.626AM,10:29:49.328AM,-7.06,2250,
0059184,49,M,$3626.0,49,yellow,8,5th,26secs,10:34:20.753PM,12:27:14.21PM,-0.93,3750,3750375037503750375037503750375037503750
0059185,29,f,$2291.0,56,gReeN,5,3rd,29secs,2:31:33.587AM,8:28:10.401AM,12.36,1750,17501750175017501750175017501750175017501750175017501750175017501750175017501750
0059186,20,Female,$2680.0,36,reD,2,7th,30secs,10:34:6.445PM,8:29:50.577AM,-0.49,2750,275027502750275027502750275027502750275027502750275027502750
0059187,38,Male,$2356.0,37,None,4,3rd,27secs,7:54:52.412PM,9:31:4.300AM,-7.85,2750,
0059188,90,female,$3330.0,39,reD,5,4th,29secs,3:53:35.485AM,7:30:17.863AM,3.84,3000,3000300030003000300030003000300030003000
0059189,66,Male,$1452.0,8,gReeN,4,3rd,23secs,1:6:4.186AM,9:3:54.810AM,3.6,3500,350035003500350035003500350035003500350035003500350035003500
0059190,17,male,$1190.0,23,reD,9,1st,20secs,2:54:23.934AM,5:55:37.111AM,-2.39,1500,1500150015001500150015001500150015001500
0059191,24,m,$2232.0,60,None,9,7th,28secs,2:1:38.641AM,12:23:59.639PM,9.21,3250,325032503250325032503250325032503250325032503250325032503250
0059192,19,F,$3268.0,20,red,4,5th,25secs,3:33:52.579AM,12:32:3.607PM,10.6,2000,2000200020002000200020002000200020002000
0059193,77,m,$7238.0,5,gReeN,7,4th,25secs,3:36:59.530AM,5:17:24.515AM,-10.65,1500,1500150015001500150015001500150015001500
0059194,25,M,$4425.0,24,None,1,3rd,23secs,3:9:9.983AM,10:35:4.492AM,-8.46,3250,
0059195,43,X,$7955.0,42,gReeN,7,3rd,29secs,9:3:55.802PM,5:33:38.772AM,5.0,2500,2500250025002500250025002500250025002500
0059196,82,m,$16154.0,46,red,2,8th,25secs,11:41:48.557PM,9:57:41.851AM,-10.38,2250,22502250225022502250
0059197,30,X,$7320.0,53,red,5,5th,29secs,2:30:26.315AM,6:12:15.676AM,9.96,3750,
0059198,85,female,$20230.0,57,yellow,9,1st,29secs,8:57:29.991PM,12:24:39.150PM,-5.31,1500,
0059199,20,m,$4860.0,67,gReeN,0,3rd,30secs,3:30:19.664AM,7:1:0.75AM,6.73,3500,
0059200,85,Male,$10200.0,77,BLUE,3,4th,24secs,8:16:3.610PM,8:46:21.506AM,-4.15,2000,2000200020002000200020002000200020002000
0059201,20,M,$4380.0,16,yellow,6,6th,22secs,3:54:41.468AM,7:19:42.581AM,3.94,2250,
0059202,44,X,$9460.0,75,None,7,9th,28secs,10:48:35.426PM,6:3:49.328AM,7.38,1500,
0059203,87,Female,$6438.0,20,yellow,9,9th,21secs,9:37:52.549PM,7:15:35.958AM,-5.07,3250,32503250325032503250
0059204,26,male,$7306.0,17,green,2,5th,20secs,1:7:52.197AM,11:42:39.799AM,-9.08,1750,1750175017501750175017501750175017501750
0059205,72,male,$2592.0,52,yellow,2,5th,21secs,2:47:22.227AM,10:6:50.412AM,-0.67,3250,
0059206,47,M,$4606.0,33,None,0,3rd,29secs,4:37:3.125AM,8:53:12.801AM,-9.12,3000,
0059207,36,M,$900.0,28,gReeN,3,5th,28secs,1:19:58.509AM,6:37:22.406AM,2.86,3000,3000300030003000300030003000300030003000
0059208,20,male,$2960.0,37,blue,2,1st,22secs,11:52:32.959PM,7:30:43.12AM,2.3,1750,
0059209,62,male,$11098.0,55,green,6,1st,25secs,7:23:36.129PM,5:13:52.281AM,10.24,3000,
0059210,80,f,$21840.0,30,blue,0,6th,24secs,9:36:42.481PM,5:18:1.404AM,-3.6,3000,
0059211,51,m,$5865.0,21,gReeN,6,9th,24secs,7:13:3.359PM,10:23:25.683AM,3.38,3750,3750375037503750375037503750375037503750
0059212,37,X,$1887.0,60,green,7,1st,22secs,12:8:17.65PM,10:28:50.178AM,7.43,3250,3250325032503250325032503250325032503250
0059213,35,m,$1435.0,48,green,9,9th,29secs,10:34:47.858PM,9:15:2.929AM,0.7,2500,25002500250025002500
0059214,35,female,$7735.0,35,yellow,4,3rd,20secs,9:18:55.717PM,7:15:59.113AM,-5.11,3250,
0059215,21,female,$2625.0,19,BLUE,2,8th,20secs,12:39:53.319PM,9:47:28.615AM,2.19,2000,2000200020002000200020002000200020002000
0059216,82,F,$15662.0,46,blue,0,3rd,30secs,9:35:48.807PM,9:30:22.607AM,-7.63,2000,
0059217,70,M,$16030.0,30,red,6,5th,20secs,2:47:35.489AM,8:42:59.192AM,-1.58,2500,
0059218,85,0,$13090.0,9,gReeN,2,5th,23secs,10:27:51.293PM,6:6:8.750AM,2.84,3500,
0059219,21,m,0,51,gReeN,8,8th,27secs,3:51:44.372AM,7:35:35.327AM,10.53,1500,
0059220,39,F,$6006.0,12,yellow,7,4th,23secs,4:20:39.177AM,11:19:35.532AM,-6.24,3000,3000300030003000300030003000300030003000
0059221,22,f,$990.0,13,yellow,7,9th,21secs,8:2:41.261PM,10:39:59.948AM,-0.4,2000,20002000200020002000200020002000200020002000200020002000200020002000200020002000
0059222,18,m,$3114.0,42,reD,5,0,27secs,7:56:43.102PM,5:16:3.618AM,-11.35,3500,350035003500350035003500350035003500350035003500350035003500
0059223,61,Male,$7747.0,50,BLUE,3,5th,30secs,2:25:9.190AM,7:48:38.330AM,1.33,1500,15001500150015001500
0059224,62,f,$10912.0,16,green,5,9th,21secs,7:12:30.587PM,12:28:2.506PM,-5.97,3000,
0059225,10,F,$2440.0,32,red,9,7th,27secs,4:22:33.354AM,11:50:59.273AM,5.75,2750,27502750275027502750275027502750275027502750275027502750275027502750275027502750
0059226,17,F,$4454.0,61,red,1,3rd,20secs,10:3:33.881PM,7:26:54.863AM,-11.97,1500,15001500150015001500
0059227,53,Male,$12243.0,28,None,7,5th,20secs,1:51:30.304AM,9:29:2.597AM,-9.59,2250,22502250225022502250
0059228,76,X,$17860.0,30,reD,9,4th,21secs,7:59:35.773PM,5:16:57.369AM,-1.27,2000,20002000200020002000
0059229,83,female,$2407.0,54,gReeN,1,6th,30secs,4:20:12.96AM,10:40:20.224AM,5.3,2250,22502250225022502250
0059230,85,Female,$25075.0,79,red,4,6th,24secs,4:34:49.463AM,8:37:6.327AM,-6.93,2250,22502250225022502250
0059231,74,Female,$11100.0,75,yellow,9,6th,25secs,4:1:0.224AM,7:26:47.696AM,2.78,3500,35003500350035003500350035003500350035003500350035003500350035003500350035003500
0059232,75,F,$10500.0,20,reD,6,1st,22secs,3:9:19.167AM,6:27:49.894AM,10.48,2500,250025002500250025002500250025002500250025002500250025002500
0059233,68,X,$1971.9999999999998,35,blue,4,8th,27secs,12:52:54.891PM,9:30:42.852AM,6.02,3750,37503750375037503750375037503750375037503750375037503750375037503750375037503750
0059234,16,female,$2912.0,68,yellow,6,4th,28secs,1:38:59.57AM,10:40:17.338AM,3.25,2750,2750275027502750275027502750275027502750
0059235,67,F,$9313.0,34,None,0,1st,23secs,3:36:22.324AM,8:44:34.166AM,-2.5,2000,
0059236,55,f,$1485.0,71,BLUE,4,7th,23secs,2:52:54.733AM,5:53:57.90AM,-2.92,3250,
0059237,62,Male,$8246.0,53,blue,7,7th,20secs,8:21:6.280PM,5:25:51.195AM,-10.18,3000,3000300030003000300030003000300030003000
0059238,67,m,$12395.0,71,BLUE,5,1st,29secs,2:0:10.242AM,9:42:29.954AM,-12.0,3500,35003500350035003500350035003500350035003500350035003500350035003500350035003500
0059239,47,F,$10528.000000000002,55,BLUE,6,1st,30secs,3:36:2.548AM,9:59:31.695AM,0.02,3000,30003000300030003000300030003000300030003000300030003000300030003000300030003000
0059240,73,female,$17885.0,20,yellow,6,4th,23secs,2:45:17.104AM,10:40:23.540AM,-3.13,2500,2500250025002500250025002500250025002500
0059241,88,male,$10824.0,8,green,8,4th,28secs,2:37:39.449AM,6:34:51.584AM,-1.21,3500,35003500350035003500350035003500350035003500350035003500350035003500350035003500
0059242,50,female,$8350.0,29,yellow,6,9th,25secs,11:33:59.687PM,5:3:17.378AM,-11.61,3000,30003000300030003000
0059243,88,female,$23320.0,8,yellow,1,1st,25secs,3:37:36.819AM,11:52:54.707AM,6.23,3000,30003000300030003000
0059244,59,Male,$13098.000000000002,34,None,2,8th,26secs,4:37:52.14AM,11:28:32.289AM,-3.12,3000,3000300030003000300030003000300030003000
0059245,68,F,$12580.0,45,yellow,3,4th,27secs,2:30:35.481AM,6:22:6.119AM,-0.66,1750,17501750175017501750
0059246,68,X,$20060.0,61,red,7,4th,21secs,4:34:53.509AM,8:58:5.803AM,10.89,1500,15001500150015001500
0059247,7,f,$1722.0,41,gReeN,3,1st,29secs,3:36:50.543AM,5:45:8.403AM,5.56,2000,2000200020002000200020002000200020002000
0059248,47,m,$10621.999999999998,7,None,9,1st,25secs,7:52:31.291PM,8:19:42.912AM,4.83,3500,3500350035003500350035003500350035003500
0059249,16,X,$3279.9999999999995,74,red,8,5th,29secs,11:41:15.303PM,7:26:34.998AM,-1.46,1750,
0059250,36,X,$5688.0,27,None,3,5th,29secs,12:46:32.488PM,5:30:37.853AM,6.03,2250,22502250225022502250225022502250225022502250225022502250225022502250225022502250
0059251,22,male,$6556.0,52,yellow,2,1st,30secs,11:54:28.366PM,12:30:24.10PM,-6.22,2500,25002500250025002500250025002500250025002500250025002500250025002500250025002500
0059252,66,m,$13992.0,17,BLUE,8,9th,27secs,10:52:1.641PM,6:32:54.934AM,-3.56,2500,25002500250025002500
0059253,63,female,$10080.0,23,blue,4,8th,21secs,9:46:10.664PM,8:56:24.626AM,5.57,2500,
0059254,14,Female,$2688.0,40,None,5,2nd,28secs,12:25:45.987PM,7:50:32.898AM,-1.38,3250,
0059255,68,male,$7616.000000000001,9,reD,4,1st,27secs,1:5:47.267AM,5:55:43.547AM,-7.55,2750,2750275027502750275027502750275027502750
0059256,65,M,$19110.0,46,reD,9,9th,29secs,12:22:8.927PM,7:28:29.317AM,-4.72,2750,27502750275027502750275027502750275027502750275027502750275027502750275027502750
0059257,73,male,$3723.0,40,red,3,3rd,30secs,10:52:32.662PM,9:30:12.940AM,8.89,2000,0
0059258,66,X,$17094.0,24,gReeN,8,5th,26secs,7:10:3.65PM,12:54:14.27PM,-5.88,2000,20002000200020002000
0059259,44,m,$6556.0,13,gReeN,8,5th,21secs,8:57:11.920PM,9:29:51.716AM,-6.9,1750,175017501750175017501750175017501750175017501750175017501750
0059260,88,male,$16192.0,54,reD,2,1st,22secs,2:29:4.31AM,5:34:47.363AM,-7.06,3500,3500350035003500350035003500350035003500
0059261,24,m,$2208.0,29,blue,3,7th,28secs,9:49:3.5PM,7:52:0.891AM,-7.03,3750,37503750375037503750
0059262,78,Male,$18954.0,73,yellow,1,3rd,23secs,7:32:42.741PM,8:23:25.121AM,-3.23,3000,
0059263,71,male,$2627.0,35,gReeN,8,4th,26secs,10:8:59.55PM,6:4:1.676AM,7.13,2500,25002500250025002500
0059264,87,female,$1827.0,65,yellow,8,5th,26secs,12:56:40.953PM,7:44:21.680AM,2.96,2500,25002500250025002500250025002500250025002500250025002500250025002500250025002500
0059265,28,f,$2268.0,29,yellow,4,7th,29secs,7:58:36.22PM,7:57:39.910AM,-6.9,2000,20002000200020002000200020002000200020002000200020002000200020002000200020002000
0059266,63,Male,$15938.999999999998,20,reD,6,8th,30secs,0,6:11:4.535AM,9.54,2500,2500250025002500250025002500250025002500
0059267,46,Female,$3128.0,34,None,5,2nd,23secs,8:2:50.997PM,12:44:13.333PM,0.92,1500,150015001500150015001500150015001500150015001500150015001500
0059268,50,m,$4550.0,73,BLUE,7,2nd,26secs,8:10:49.205PM,10:39:26.690AM,1.28,1500,
0059269,46,male,$3220.0,8,blue,0,7th,24secs,12:26:11.642PM,9:59:39.490AM,8.61,3250,
0059270,53,m,$6413.0,10,BLUE,5,7th,30secs,8:37:43.970PM,11:34:37.808AM,1.09,2750,2750275027502750275027502750275027502750
0059271,8,X,$1176.0,76,gReeN,6,2nd,27secs,1:25:45.914AM,8:31:44.716AM,-2.59,2250,22502250225022502250225022502250225022502250225022502250225022502250225022502250
0059272,8,female,$1288.0,70,green,8,9th,27secs,2:29:16.545AM,9:33:59.793AM,-8.67,2500,25002500250025002500250025002500250025002500250025002500250025002500250025002500
0059273,84,male,$5292.0,38,None,8,8th,23secs,11:22:11.416PM,7:35:48.945AM,5.78,3500,
0059274,77,Female,$8162.0,27,gReeN,3,4th,23secs,7:12:58.794PM,12:12:25.470PM,2.78,3250,
0059275,54,M,$12690.0,11,yellow,5,9th,26secs,12:33:55.919PM,7:25:34.302AM,-7.01,3250,32503250325032503250325032503250325032503250325032503250325032503250325032503250
0059276,37,M,$6808.0,72,green,3,8th,30secs,9:15:7.126PM,10:38:5.171AM,-10.26,2750,27502750275027502750
0059277,62,Male,$10044.0,58,yellow,1,1st,23secs,2:23:9.565AM,10:41:29.201AM,7.25,3000,
0059278,29,f,$7714.0,63,yellow,6,4th,30secs,9:14:31.431PM,7:36:48.463AM,-12.12,1500,
0059279,77,male,$23023.0,30,blue,0,7th,27secs,10:58:21.959PM,9:54:46.560AM,9.13,3500,
0059280,79,F,$12403.0,71,None,4,9th,22secs,8:8:23.990PM,5:8:5.262AM,8.13,2250,
0059281,52,female,$11751.999999999998,44,reD,9,1st,26secs,3:30:42.431AM,6:43:22.466AM,-6.54,2250,2250225022502250225022502250225022502250
0059282,77,X,$3388.0,31,BLUE,5,8th,25secs,11:57:47.57PM,9:17:38.862AM,12.16,3250,
0059283,63,female,$11025.0,21,yellow,7,2nd,20secs,7:58:21.309PM,12:54:16.18PM,10.29,2500,2500250025002500250025002500250025002500
0059284,20,F,$2620.0,50,blue,8,6th,29secs,1:57:59.79AM,7:16:37.705AM,-9.58,3500,
0059285,72,male,$21240.0,20,red,4,5th,22secs,12:6:23.768PM,12:46:33.745PM,0.4,3250,
0059286,18,female,$2232.0,20,red,1,7th,20secs,12:33:9.693PM,7:21:22.548AM,-10.75,2250,
0059287,24,Male,$983.9999999999999,36,None,8,4th,26secs,9:37:10.535PM,5:49:55.227AM,-0.57,1750,175017501750175017501750175017501750175017501750175017501750
0059288,43,Male,$4902.0,33,reD,3,6th,27secs,10:10:1.533PM,6:24:24.26AM,10.23,2000,20002000200020002000
0059289,42,female,$1848.0,56,green,5,1st,25secs,12:10:25.795PM,9:11:58.846AM,-10.19,3000,30003000300030003000
0059290,33,M,$7589.999999999999,70,None,4,7th,28secs,11:45:21.580PM,8:33:17.386AM,-2.18,1750,175017501750175017501750175017501750175017501750175017501750
0059291,79,F,$22120.0,46,blue,5,1st,29secs,3:56:20.528AM,11:45:26.688AM,-5.8,1500,1500150015001500150015001500150015001500
0059292,88,M,$26048.0,70,gReeN,4,9th,21secs,8:5:44.867PM,6:58:54.977AM,9.48,3500,35003500350035003500
0059293,18,f,$3960.0000000000005,60,blue,4,3rd,25secs,3:31:41.196AM,7:1:31.741AM,-4.65,3500,
0059294,60,f,$1260.0,8,blue,9,2nd,30secs,9:59:16.564PM,5:40:31.582AM,-8.25,3250,
0059295,19,M,$1691.0,53,blue,7,1st,29secs,7:10:49.681PM,10:55:54.718AM,10.45,3750,37503750375037503750375037503750375037503750375037503750375037503750375037503750
0059296,66,M,$18282.0,57,green,6,1st,20secs,4:57:54.608AM,5:50:52.611AM,-9.15,3000,
0059297,16,M,$1568.0,43,green,2,6th,25secs,1:12:31.970AM,9:12:56.256AM,4.39,3250,
0059298,90,Male,$7830.0,29,red,6,4th,23secs,12:53:27.352PM,5:54:47.134AM,2.22,2250,22502250225022502250
0059299,74,X,$10286.0,76,red,4,6th,27secs,0,8:19:46.997AM,-4.04,2750,27502750275027502750275027502750275027502750275027502750275027502750275027502750
0059300,42,M,$9030.0,55,gReeN,0,9th,23secs,9:51:13.418PM,7:10:54.123AM,-7.75,3750,37503750375037503750375037503750375037503750375037503750375037503750375037503750
0059301,32,Female,$5696.0,55,blue,9,8th,26secs,1:45:25.613AM,9:54:20.513AM,-0.83,3500,
0059302,7,Male,$1778.0,26,None,1,9th,30secs,9:34:50.182PM,7:35:32.293AM,2.02,3250,325032503250325032503250325032503250325032503250325032503250
0059303,78,male,$9516.0,74,None,6,1st,28secs,10:33:1.100PM,5:30:19.469AM,1.49,1500,1500150015001500150015001500150015001500
0059304,59,M,$15162.999999999998,38,green,3,6th,30secs,4:5:24.584AM,5:41:42.110AM,-5.94,2000,
0059305,13,female,$454.99999999999994,25,BLUE,1,4th,28secs,4:24:57.398AM,8:13:40.905AM,2.18,3750,375037503750375037503750375037503750375037503750375037503750
0059306,69,male,$10626.0,22,green,4,5th,21secs,3:26:56.6AM,7:1:0.406AM,-7.16,2250,
0059307,79,female,$4898.0,49,blue,4,9th,28secs,11:3:16.258PM,11:31:56.655AM,10.76,3750,
0059308,74,X,$18500.0,58,red,1,0,27secs,11:6:42.296PM,6:4:50.425AM,-6.9,1750,1750175017501750175017501750175017501750
0059309,67,F,$2010.0,41,gReeN,8,7th,22secs,2:34:49.31AM,12:14:43.75PM,5.52,3250,3250325032503250325032503250325032503250
0059310,73,f,$21097.0,26,gReeN,8,5th,27secs,7:15:48.81PM,5:22:53.488AM,2.34,2750,
0059311,89,F,$12281.999999999998,46,green,3,6th,20secs,1:49:12.544AM,9:36:40.671AM,-6.24,1750,
0059312,35,Female,$4830.0,33,blue,0,9th,29secs,2:11:37.740AM,8:9:2.982AM,-5.06,3250,
0059313,12,0,$444.0,44,red,9,1st,26secs,10:33:31.869PM,10:24:45.895AM,2.07,3000,3000300030003000300030003000300030003000
0059314,63,X,$18522.0,0,red,1,4th,30secs,3:34:31.512AM,8:45:52.520AM,4.83,3750,
0059315,34,female,$3536.0,14,yellow,3,8th,22secs,10:26:48.771PM,6:8:56.404AM,-2.13,1500,15001500150015001500
0059316,56,Male,$10416.0,0,gReeN,7,3rd,26secs,4:49:46.481AM,10:17:46.785AM,-12.29,2000,2000200020002000200020002000200020002000
0059317,17,male,$3927.0,27,reD,9,5th,22secs,8:22:52.87PM,9:10:53.87AM,-6.51,3250,32503250325032503250325032503250325032503250325032503250325032503250325032503250
0059318,48,Male,$3264.0000000000005,56,None,9,2nd,23secs,9:33:49.742PM,7:22:10.847AM,-1.03,2500,
0059319,45,M,$3195.0,39,yellow,7,8th,23secs,1:39:4.483AM,10:16:50.938AM,-4.64,3750,3750375037503750375037503750375037503750
0059320,73,Female,$6789.0,30,yellow,5,8th,30secs,9:52:42.756PM,7:0:53.245AM,-3.33,2250,22502250225022502250225022502250225022502250225022502250225022502250225022502250
0059321,48,male,$4800.0,44,None,5,5th,24secs,2:16:9.583AM,8:11:5.979AM,6.71,1500,
0059322,24,Female,$1080.0,20,blue,1,5th,22secs,10:49:24.606PM,7:3:47.859AM,-2.79,2250,2250225022502250225022502250225022502250
0059323,20,X,$5560.0,0,BLUE,8,8th,23secs,4:48:16.972AM,10:41:0.22AM,11.06,3250,32503250325032503250
0059324,40,F,$8320.0,77,green,4,2nd,24secs,10:41:1.285PM,11:38:47.502AM,-6.3,0,
0059325,54,female,$1458.0,12,None,4,8th,20secs,7:52:1.279PM,6:53:43.424AM,-1.37,3500,
0059326,52,m,$2340.0,19,reD,8,9th,21secs,12:50:31.675PM,5:21:16.556AM,3.93,3250,325032503250325032503250325032503250325032503250325032503250
0059327,80,Male,$5360.0,46,BLUE,3,6th,20secs,4:39:39.30AM,12:10:37.397PM,-0.77,2750,27502750275027502750275027502750275027502750275027502750275027502750275027502750
0059328,84,Male,$5712.0,22,blue,6,7th,24secs,8:32:5.631PM,8:27:48.917AM,-3.5,1500,1500150015001500150015001500150015001500
0059329,33,female,$5940.0,78,gReeN,3,7th,21secs,8:55:21.552PM,9:3:18.592AM,-11.46,2000,200020002000200020002000200020002000200020002000200020002000
0059330,86,female,$23908.0,7,green,3,2nd,25secs,4:46:46.90AM,11:32:59.447AM,-11.75,3500,35003500350035003500350035003500350035003500350035003500350035003500350035003500
0059331,11,Male,$1408.0,12,BLUE,8,4th,20secs,2:47:54.550AM,10:19:47.113AM,2.78,3250,325032503250325032503250325032503250325032503250325032503250
0059332,11,Female,$781.0,60,BLUE,3,4th,29secs,11:13:43.41PM,9:17:23.708AM,7.25,3750,375037503750375037503750375037503750375037503750375037503750
0059333,8,male,$2288.0,5,gReeN,1,1st,25secs,3:48:44.173AM,11:3:41.377AM,-8.55,2750,2750275027502750275027502750275027502750
0059334,36,male,$5112.0,11,reD,7,4th,27secs,9:59:57.614PM,7:38:35.121AM,-2.14,2250,22502250225022502250225022502250225022502250225022502250225022502250225022502250
0059335,43,F,$11610.0,63,green,1,2nd,24secs,1:34:41.838AM,12:4:51.527PM,8.63,2500,
0059336,44,M,$6468.0,74,None,6,2nd,25secs,9:33:35.656PM,7:32:20.307AM,10.07,1500,
0059337,66,F,$3432.0,12,None,0,1st,27secs,8:46:21.365PM,5:47:24.605AM,5.16,1500,15001500150015001500
0059338,8,male,$1696.0,46,None,7,6th,23secs,8:57:41.405PM,5:39:45.477AM,11.88,3000,300030003000300030003000300030003000300030003000300030003000
0059339,9,M,$1593.0,74,green,8,4th,21secs,3:33:51.682AM,6:56:42.252AM,-3.93,3500,35003500350035003500
0059340,35,f,$1470.0,43,blue,9,1st,28secs,7:25:45.111PM,6:10:33.164AM,5.22,1500,15001500150015001500
0059341,9,M,$1808.9999999999998,39,red,2,4th,27secs,12:21:12.706PM,6:8:18.511AM,-11.55,1500,150015001500150015001500150015001500150015001500150015001500
0059342,8,female,$2248.0,14,reD,9,6th,27secs,9:12:21.490PM,9:12:20.35AM,8.04,3000,
0059343,47,Female,$9917.0,62,green,9,4th,23secs,8:43:59.524PM,11:33:8.779AM,-5.39,2500,
0059344,72,F,$15192.0,12,yellow,0,1st,26secs,8:44:3.577PM,12:10:6.954PM,5.46,2000,200020002000200020002000200020002000200020002000200020002000
0059345,87,F,$19401.0,16,gReeN,7,1st,27secs,8:39:9.412PM,5:13:21.773AM,5.01,2750,2750275027502750275027502750275027502750
0059346,15,X,$4410.0,31,red,6,4th,30secs,1:23:20.666AM,7:27:0.94AM,-11.23,3250,325032503250325032503250325032503250325032503250325032503250
0059347,79,F,$6794.0,65,None,9,9th,26secs,10:23:46.51PM,11:30:12.626AM,0.18,2000,20002000200020002000200020002000200020002000200020002000200020002000200020002000
0059348,30,F,$6510.0,51,blue,2,7th,28secs,4:12:17.860AM,6:7:30.828AM,-11.7,2000,
0059349,34,F,$6460.0,15,reD,2,5th,26secs,0,10:42:8.524AM,-2.32,2250,22502250225022502250
0059350,63,male,$5040.0,38,gReeN,0,1st,20secs,12:24:34.795PM,10:59:6.256AM,-0.67,2750,
0059351,24,f,$5136.0,30,reD,7,9th,28secs,11:18:48.451PM,9:47:11.829AM,0,3750,
0059352,30,M,$5550.0,78,red,1,7th,25secs,12:38:37.629PM,11:5:41.140AM,1.11,3750,375037503750375037503750375037503750375037503750375037503750
0059353,65,Male,$1365.0,24,green,1,3rd,30secs,1:15:59.325AM,8:1:30.820AM,-0.24,3500,35003500350035003500350035003500350035003500350035003500350035003500350035003500
0059354,67,M,$15477.0,53,blue,8,6th,22secs,3:16:10.855AM,5:8:44.715AM,-2.14,2750,27502750275027502750275027502750275027502750275027502750275027502750275027502750
0059355,28,X,$6412.0,30,yellow,5,9th,23secs,10:31:23.416PM,9:11:29.738AM,-0.39,2250,
0059356,70,m,$4130.0,28,red,8,1st,20secs,1:10:19.828AM,5:15:2.134AM,6.32,2250,225022502250225022502250225022502250225022502250225022502250
0059357,10,Male,$380.0,35,None,0,1st,25secs,4:54:20.677AM,9:5:5.602AM,7.84,3000,
0059358,76,male,$17252.0,66,blue,1,4th,21secs,9:32:35.123PM,11:54:12.88AM,-10.44,3500,35003500350035003500
0059359,21,m,$4683.0,33,red,4,9th,23secs,11:29:21.236PM,11:19:37.308AM,1.29,2750,275027502750275027502750275027502750275027502750275027502750
0059360,34,F,$4726.0,28,gReeN,3,8th,26secs,4:31:24.907AM,7:54:56.879AM,-4.77,3750,37503750375037503750375037503750375037503750375037503750375037503750375037503750
0059361,39,female,$780.0,17,reD,7,2nd,22secs,12:11:6.284PM,7:34:33.848AM,8.64,1750,
0059362,80,f,$20640.0,26,green,9,9th,26secs,12:54:44.791PM,8:50:30.67AM,4.83,1500,15001500150015001500150015001500150015001500150015001500150015001500150015001500
0059363,49,Female,$7497.0,58,gReeN,7,2nd,22secs,12:17:20.20PM,6:39:48.347AM,-12.28,3500,35003500350035003500
0059364,40,female,$9280.0,61,BLUE,8,8th,29secs,1:37:41.955AM,6:12:52.94AM,-5.9,3000,30003000300030003000300030003000300030003000300030003000300030003000300030003000
0059365,13,X,$2236.0,78,green,6,9th,24secs,7:25:15.90PM,7:47:9.353AM,-5.8,3500,
0059366,32,M,$6336.0,63,BLUE,2,8th,22secs,3:37:4.481AM,11:40:3.49AM,-5.6,3500,
0059367,25,f,$3525.0,7,yellow,9,7th,23secs,9:51:10.617PM,0,2.24,1500,15001500150015001500150015001500150015001500150015001500150015001500150015001500
0059368,35,female,$10430.0,62,yellow,8,2nd,27secs,4:38:22.392AM,8:40:12.720AM,-11.49,2000,
0059369,10,X,$1540.0,49,red,7,2nd,26secs,8:9:51.12PM,10:58:11.102AM,7.8,2750,275027502750275027502750275027502750275027502750275027502750
0059370,18,female,$2682.0,15,BLUE,2,1st,28secs,10:24:42.698PM,8:11:23.217AM,10.57,1500,15001500150015001500150015001500150015001500150015001500150015001500150015001500
0059371,53,male,$14469.0,75,gReeN,6,7th,30secs,10:40:17.548PM,11:40:30.974AM,9.31,2250,
0059372,36,X,$8712.0,25,red,5,3rd,22secs,9:11:55.992PM,5:52:29.337AM,11.86,3750,
0059373,66,F,$8052.0,69,BLUE,4,8th,28secs,9:1:13.222PM,7:48:3.708AM,-1.91,1750,
0059374,57,female,$11798.999999999998,15,blue,8,2nd,24secs,9:52:37.238PM,8:59:36.924AM,-9.13,1500,1500150015001500150015001500150015001500
0059375,32,Male,$2400.0,44,green,0,7th,22secs,9:28:35.261PM,5:39:19.815AM,6.13,3500,35003500350035003500
0059376,61,M,$14945.000000000002,54,0,1,2nd,30secs,8:44:12.809PM,9:57:4.512AM,8.83,1500,
0059377,39,X,$11193.0,77,BLUE,4,4th,28secs,2:24:36.765AM,6:32:10.590AM,-8.29,2250,
0059378,56,f,$4760.0,44,None,6,1st,22secs,1:29:59.873AM,8:0:38.472AM,-9.39,1750,1750175017501750175017501750175017501750
0059379,40,male,$7800.0,12,None,5,9th,23secs,12:34:58.641PM,6:7:32.351AM,7.24,3250,
0059380,65,Male,$10335.0,58,red,8,3rd,28secs,4:4:48.394AM,10:32:21.142AM,5.69,3000,30003000300030003000
0059381,89,M,$15041.0,72,blue,2,5th,30secs,1:30:24.738AM,9:59:9.522AM,5.77,2750,27502750275027502750275027502750275027502750275027502750275027502750275027502750
0059382,50,m,$7850.0,27,red,6,7th,21secs,4:25:6.574AM,6:59:53.876AM,-0.44,3750,37503750375037503750
0059383,54,F,$15606.0,42,gReeN,7,1st,25secs,3:50:5.84AM,9:38:9.57AM,-0.63,2750,27502750275027502750
0059384,84,female,$17472.0,39,reD,7,9th,28secs,12:55:6.895PM,5:3:50.326AM,-9.6,3000,300030003000300030003000300030003000300030003000300030003000
0059385,68,F,$14008.0,56,reD,8,2nd,21secs,2:9:52.895AM,9:57:29.545AM,5.14,3250,32503250325032503250
0059386,17,f,$3655.0,14,reD,6,9th,28secs,9:21:9.126PM,12:40:34.520PM,3.99,2000,20002000200020002000
0059387,84,F,$15960.0,37,blue,6,3rd,20secs,12:22:43.741PM,7:35:46.868AM,-1.75,1500,
0059388,10,Female,$1250.0,35,BLUE,3,4th,26secs,8:16:17.67PM,12:26:43.634PM,-6.57,2750,275027502750275027502750275027502750275027502750275027502750
0059389,47,female,$2021.0,36,None,2,8th,22secs,3:8:5.315AM,9:33:30.93AM,-10.6,3000,
0059390,78,m,$21138.0,12,gReeN,2,2nd,26secs,8:46:39.765PM,6:27:17.896AM,4.15,2000,2000200020002000200020002000200020002000
0059391,69,Male,$15318.000000000002,71,None,3,9th,21secs,9:17:34.851PM,5:44:11.642AM,2.05,2000,2000200020002000200020002000200020002000
0059392,48,male,$13968.0,11,gReeN,0,7th,26secs,9:10:45.173PM,6:31:5.717AM,2.97,3250,
0059393,64,X,$15296.0,54,reD,9,3rd,23secs,8:36:50.873PM,7:44:17.774AM,-4.69,1500,
0059394,46,F,$6670.0,55,None,6,4th,21secs,11:6:0.72PM,12:47:57.129PM,3.77,2000,
0059395,43,Female,$5504.0,67,reD,4,4th,23secs,9:16:18.907PM,12:53:15.981PM,-1.8,3750,37503750375037503750
0059396,45,female,$8370.0,47,green,3,1st,21secs,1:34:26.153AM,7:33:51.675AM,-8.26,2000,
0059397,86,Male,$10406.0,29,reD,8,5th,25secs,7:45:2.719PM,9:48:10.720AM,-4.91,3750,37503750375037503750375037503750375037503750375037503750375037503750375037503750
0059398,80,M,$19920.0,9,None,9,6th,21secs,9:49:37.109PM,5:5:59.443AM,4.94,3750,375037503750375037503750375037503750375037503750375037503750
0059399,81,F,$21789.0,78,reD,7,2nd,25secs,1:46:10.95AM,5:5:38.8AM,-11.79,2750,27502750275027502750275027502750275027502750275027502750275027502750275027502750
0059400,55,X,$6765.0,60,reD,1,1st,29secs,12:28:39.590PM,6:6:15.700AM,3.98,2750,27502750275027502750
0059401,20,male,$4059.9999999999995,62,green,5,9th,27secs,7:4:32.234PM,8:30:53.368AM,11.25,1750,17501750175017501750175017501750175017501750175017501750175017501750175017501750
0059402,72,M,$5904.0,69,BLUE,2,8th,23secs,11:28:12.946PM,6:40:42.734AM,-7.18,1750,17501750175017501750
0059403,62,0,$10478.0,29,None,7,7th,24secs,3:43:0.8AM,8:54:39.121AM,-0.06,2500,
0059404,15,F,$2055.0,14,blue,5,2nd,22secs,8:22:40.685PM,6:33:49.720AM,-6.54,1500,
0059405,70,male,$1820.0,66,green,7,1st,27secs,1:32:24.86AM,7:5:27.728AM,9.92,2000,
0059406,10,male,$1890.0,28,yellow,9,2nd,25secs,8:30:46.274PM,5:29:33.557AM,-6.94,2000,
0059407,16,F,$4688.0,36,reD,4,7th,23secs,10:42:9.319PM,9:53:9.671AM,-11.92,3000,300030003000300030003000300030003000300030003000300030003000
0059408,72,f,$10728.0,66,reD,9,5th,22secs,1:56:34.578AM,12:38:19.206PM,-3.31,2250,
0059409,66,M,$16830.0,25,blue,5,8th,27secs,2:32:2.215AM,10:0:16.646AM,-1.25,2750,27502750275027502750
0059410,21,Female,$5250.0,18,green,9,8th,22secs,7:32:20.132PM,7:6:49.795AM,11.66,3500,35003500350035003500350035003500350035003500350035003500350035003500350035003500
0059411,28,f,$3024.0,46,blue,6,1st,21secs,9:17:9.467PM,10:18:1.341AM,-9.54,2000,20002000200020002000
0059412,42,m,$10878.0,17,BLUE,4,0,21secs,2:20:18.953AM,7:20:30.802AM,-3.44,1500,1500150015001500150015001500150015001500
0059413,45,X,$4680.0,18,red,3,9th,28secs,4:52:24.332AM,9:28:43.259AM,9.91,1500,15001500150015001500
0059414,47,f,$13583.0,6,BLUE,9,6th,21secs,4:16:13.57AM,8:41:3.639AM,6.98,3750,375037503750375037503750375037503750375037503750375037503750
0059415,71,Female,$18744.0,20,BLUE,8,2nd,27secs,4:38:46.504AM,10:39:49.317AM,11.24,2500,
0059416,67,Female,$7303.000000000001,13,yellow,2,7th,28secs,4:10:6.914AM,7:29:32.21AM,-6.23,3250,3250325032503250325032503250325032503250
0059417,52,male,$9620.0,22,yellow,6,8th,20secs,8:11:5.583PM,12:11:32.470PM,-6.62,2500,2500250025002500250025002500250025002500
0059418,7,female,$1316.0,51,blue,9,1st,30secs,3:15:31.564AM,5:50:41.840AM,0.47,2000,
0059419,81,f,$11583.0,22,reD,3,2nd,28secs,11:19:24.897PM,5:23:14.397AM,7.8,2500,2500250025002500250025002500250025002500
0059420,26,f,$1144.0,31,BLUE,0,9th,30secs,1:39:2.904AM,8:34:2.854AM,-1.77,2750,2750275027502750275027502750275027502750
0059421,18,f,$1512.0,55,gReeN,6,3rd,25secs,2:51:38.61AM,7:36:13.690AM,0.25,1750,17501750175017501750175017501750175017501750175017501750175017501750175017501750
0059422,21,F,$3339.0,50,green,4,9th,28secs,12:28:57.77PM,10:23:0.977AM,2.43,2750,
0059423,64,X,$6464.0,31,green,9,3rd,21secs,8:1:46.528PM,9:23:59.729AM,5.54,2000,200020002000200020002000200020002000200020002000200020002000
0059424,75,female,$6450.0,50,blue,1,9th,23secs,7:7:26.59PM,9:1:12.838AM,-3.63,1750,17501750175017501750175017501750175017501750175017501750175017501750175017501750
0059425,67,Male,$16482.0,6,blue,5,6th,28secs,4:52:31.206AM,8:40:57.641AM,4.5,3750,37503750375037503750375037503750375037503750375037503750375037503750375037503750
0059426,63,f,$17010.0,18,BLUE,1,5th,27secs,12:6:22.534PM,7:14:23.268AM,8.61,3250,32503250325032503250325032503250325032503250325032503250325032503250325032503250
0059427,86,m,$24166.0,67,red,5,4th,27secs,9:40:6.27PM,5:3:0.729AM,-8.22,3750,
0059428,90,female,$15660.0,16,green,9,1st,20secs,3:13:40.461AM,11:28:10.105AM,4.5,2000,2000200020002000200020002000200020002000
0059429,12,m,$3420.0,15,BLUE,0,2nd,29secs,3:40:41.383AM,9:59:38.889AM,-7.98,3750,
0059430,0,female,$1817.0,48,gReeN,9,8th,27secs,11:28:40.271PM,11:37:37.91AM,-4.04,2250,
0059431,52,m,$10920.0,66,None,4,2nd,25secs,4:3:43.964AM,10:15:10.662AM,-2.4,2250,2250225022502250225022502250225022502250
0059432,35,m,$8960.0,14,yellow,8,6th,25secs,11:2:24.834PM,12:42:1.713PM,8.46,2250,
0059433,55,X,$6545.0,75,gReeN,2,9th,25secs,2:47:36.586AM,12:55:12.211PM,2.09,3500,350035003500350035003500350035003500350035003500350035003500
0059434,88,X,$21120.0,13,BLUE,5,7th,27secs,3:9:0.852AM,11:11:3.592AM,7.58,1750,17501750175017501750
0059435,32,M,$3200.0,18,BLUE,9,9th,28secs,2:38:25.160AM,10:49:36.598AM,-1.31,2750,
0059436,26,female,$962.0,20,yellow,3,5th,28secs,8:53:18.808PM,6:4:31.756AM,0.71,3000,30003000300030003000300030003000300030003000300030003000300030003000300030003000
0059437,60,female,$7980.0,27,reD,4,1st,0,4:54:26.958AM,12:37:13.48PM,11.2,1750,
0059438,29,female,$3857.0,17,None,5,7th,30secs,1:40:43.545AM,12:52:29.582PM,-12.39,1750,17501750175017501750
0059439,43,Male,$11438.0,39,red,2,2nd,30secs,8:26:55.641PM,11:18:48.532AM,6.66,2500,
0059440,88,Male,$25960.0,14,green,5,5th,29secs,8:59:39.419PM,10:0:1.769AM,5.31,2250,22502250225022502250
0059441,46,female,$7958.0,60,blue,2,3rd,30secs,1:11:26.362AM,7:13:59.96AM,-2.22,2750,275027502750275027502750275027502750275027502750275027502750
0059442,0,Female,$3219.0000000000005,26,yellow,4,8th,30secs,3:1:32.990AM,11:15:47.484AM,1.15,3250,32503250325032503250325032503250325032503250325032503250325032503250325032503250
0059443,83,f,$23572.0,42,gReeN,0,1st,28secs,8:9:20.972PM,9:39:53.104AM,-8.35,2250,2250225022502250225022502250225022502250
0059444,61,F,$13176.0,30,blue,8,2nd,22secs,9:14:40.116PM,7:2:44.626AM,-0.16,3000,
0059445,20,Female,$3320.0,12,None,9,9th,22secs,2:7:53.999AM,8:26:44.427AM,2.19,2750,27502750275027502750
0059446,66,M,$8118.0,72,None,4,8th,29secs,7:51:23.548PM,6:48:25.586AM,2.27,3500,350035003500350035003500350035003500350035003500350035003500
0059447,54,f,$10152.0,59,yellow,3,7th,21secs,7:19:5.899PM,7:34:40.660AM,2.85,3250,
0059448,46,m,$9476.0,16,blue,9,4th,26secs,3:22:44.578AM,12:47:51.357PM,4.84,1750,175017501750175017501750175017501750175017501750175017501750
0059449,41,female,$5576.0,77,blue,9,6th,22secs,2:7:23.912AM,11:29:3.64AM,8.02,2250,2250225022502250225022502250225022502250
0059450,20,F,$4940.0,51,blue,3,6th,26secs,10:55:34.61PM,10:28:28.372AM,8.79,3750,375037503750375037503750375037503750375037503750375037503750
0059451,62,male,$5208.0,28,BLUE,9,8th,27secs,9:14:47.684PM,12:59:26.793PM,6.28,2750,
0059452,29,m,$4698.0,30,red,2,8th,27secs,2:57:16.263AM,7:4:49.986AM,8.13,1750,
0059453,18,Female,$4770.0,51,reD,4,7th,21secs,2:6:25.759AM,8:5:27.784AM,1.46,2750,0
0059454,87,f,$16617.0,73,green,2,1st,21secs,12:16:26.440PM,7:30:43.856AM,-4.49,3500,350035003500350035003500350035003500350035003500350035003500
0059455,8,female,$1672.0,63,reD,5,4th,26secs,10:5:59.233PM,8:17:59.66AM,-0.69,1750,1750175017501750175017501750175017501750
0059456,73,M,$11972.0,49,red,5,6th,23secs,2:27:51.974AM,7:45:34.244AM,-11.47,2000,2000200020002000200020002000200020002000
0059457,62,male,$8432.0,40,blue,0,6th,22secs,1:20:45.233AM,7:54:47.44AM,2.36,2500,2500250025002500250025002500250025002500
0059458,82,F,$5904.0,10,green,9,5th,26secs,12:45:15.976PM,6:5:43.45AM,-7.02,1500,1500150015001500150015001500150015001500
0059459,84,F,$17388.0,76,gReeN,2,7th,20secs,7:40:52.400PM,11:39:25.650AM,-10.24,3250,3250325032503250325032503250325032503250
0059460,69,F,$19734.0,12,green,4,2nd,27secs,3:1:6.850AM,11:47:50.370AM,0.67,3250,
0059461,86,Male,$6020.0,50,0,6,4th,24secs,3:25:20.946AM,5:55:20.638AM,0.65,3750,375037503750375037503750375037503750375037503750375037503750
0059462,70,Male,$5040.0,67,reD,7,7th,27secs,0,6:59:3.417AM,-10.57,1750,1750175017501750175017501750175017501750
0059463,15,female,$3900.0,30,green,6,1st,30secs,12:5:18.290PM,8:10:17.358AM,3.06,1750,17501750175017501750
0059464,24,M,$504.0,33,BLUE,9,3rd,20secs,10:57:16.15PM,8:41:47.476AM,-5.68,3500,35003500350035003500350035003500350035003500350035003500350035003500350035003500
0059465,87,Male,$2175.0,78,yellow,9,2nd,25secs,4:10:37.997AM,12:48:18.987PM,-8.33,3750,
0059466,37,female,$2516.0,30,yellow,3,3rd,25secs,10:0:46.294PM,8:2:51.476AM,10.57,3250,325032503250325032503250325032503250325032503250325032503250
0059467,11,Male,$1562.0,66,gReeN,9,1st,23secs,12:31:10.188PM,7:37:46.747AM,-0.04,1750,
0059468,37,Female,$3478.0,45,None,2,4th,28secs,11:9:57.996PM,7:44:50.603AM,2.77,2500,250025002500250025002500250025002500250025002500250025002500
0059469,36,X,$7956.0,49,reD,2,1st,21secs,11:38:46.186PM,7:39:13.989AM,12.03,2250,
0059470,19,f,$2090.0,38,blue,2,8th,25secs,7:31:29.569PM,5:35:25.867AM,-9.16,1500,15001500150015001500
0059471,30,Male,$6540.000000000001,24,blue,5,6th,28secs,12:39:9.209PM,8:16:1.146AM,10.84,1500,
0059472,90,male,$4050.0,66,reD,1,7th,21secs,4:49:2.364AM,12:28:8.253PM,-0.92,2250,
0059473,26,female,$5096.0,32,red,6,6th,23secs,2:11:41.78AM,5:17:57.753AM,8.51,3500,0
0059474,44,Female,0,62,yellow,7,8th,30secs,2:38:52.900AM,9:35:41.523AM,-7.45,2250,
0059475,23,F,$2576.0000000000005,76,reD,5,4th,29secs,4:35:7.165AM,10:0:0.823AM,1.82,2500,2500250025002500250025002500250025002500
0059476,24,male,$2640.0,37,None,7,5th,24secs,11:53:7.107PM,12:30:55.446PM,-3.37,2250,
0059477,30,Male,$7649.999999999999,62,None,4,4th,26secs,3:14:45.239AM,10:2:46.420AM,3.48,2500,2500250025002500250025002500250025002500
0059478,25,X,$6800.000000000001,6,blue,9,3rd,28secs,10:27:0.195PM,10:25:46.752AM,-0.46,2500,
0059479,90,X,$23220.0,65,gReeN,0,6th,24secs,7:33:32.773PM,6:13:21.644AM,3.1,1750,175017501750175017501750175017501750175017501750175017501750
0059480,58,Male,$9222.0,50,red,3,6th,25secs,2:24:43.739AM,9:21:13.260AM,0.09,2500,
0059481,80,Male,$12880.0,55,gReeN,8,2nd,24secs,1:15:51.748AM,9:47:37.486AM,-1.96,2500,2500250025002500250025002500250025002500
0059482,49,F,$8035.999999999999,47,yellow,6,4th,21secs,8:54:13.787PM,12:12:12.255PM,8.14,2500,
0059483,70,male,$2029.9999999999998,12,None,2,3rd,28secs,7:24:14.142PM,12:51:26.920PM,-11.13,3250,32503250325032503250325032503250325032503250325032503250325032503250325032503250
0059484,50,M,$3850.0,5,green,6,3rd,24secs,12:15:19.179PM,7:50:22.882AM,0,3750,
0059485,85,Female,$16150.0,41,yellow,8,5th,29secs,12:10:45.835PM,11:36:48.85AM,0.02,3750,
0059486,83,Male,$16102.0,49,gReeN,5,4th,28secs,12:9:44.238PM,12:19:52.246PM,8.11,3000,3000300030003000300030003000300030003000
0059487,89,f,$7743.0,32,reD,8,1st,24secs,11:33:36.965PM,6:20:16.40AM,-11.5,2250,
0059488,13,male,$975.0,52,gReeN,6,6th,26secs,11:7:2.520PM,10:12:19.391AM,6.28,3250,
0059489,86,f,$16856.0,34,blue,1,7th,29secs,9:16:40.89PM,6:29:15.41AM,3.65,3750,37503750375037503750
0059490,9,Male,$1773.0,64,reD,1,5th,22secs,4:41:48.399AM,10:49:51.731AM,-4.12,2250,2250225022502250225022502250225022502250
0059491,13,M,$3068.0,8,None,0,8th,28secs,7:9:37.272PM,7:34:32.661AM,-6.83,2250,22502250225022502250225022502250225022502250225022502250225022502250225022502250
0059492,7,m,$1784.9999999999998,59,blue,5,2nd,26secs,3:40:9.940AM,5:0:44.746AM,8.41,1500,15001500150015001500150015001500150015001500150015001500150015001500150015001500
0059493,57,F,$14763.0,37,BLUE,8,3rd,27secs,1:27:52.52AM,7:44:41.205AM,-6.25,3000,300030003000300030003000300030003000300030003000300030003000
0059494,22,F,$3564.0000000000005,33,None,2,8th,22secs,8:56:32.488PM,7:8:3.511AM,-8.99,2750,2750275027502750275027502750275027502750
0059495,41,Male,$5576.0,35,gReeN,2,9th,23secs,3:27:21.330AM,9:37:36.114AM,-4.88,3250,32503250325032503250
0059496,21,X,$5208.0,57,blue,8,1st,20secs,2:54:20.551AM,12:19:52.821PM,-8.58,3500,35003500350035003500350035003500350035003500350035003500350035003500350035003500
0059497,72,Female,$14040.0,0,green,7,6th,26secs,9:48:2.860PM,8:41:17.441AM,-5.97,2250,
0059498,20,X,$2280.0,63,None,3,9th,28secs,10:8:52.605PM,12:0:27.429PM,10.97,2500,25002500250025002500
0059499,18,male,$2484.0,60,green,5,8th,23secs,10:30:42.870PM,12:23:23.827PM,3.86,3750,
0059500,20,M,$2500.0,5,green,9,5th,25secs,2:3:3.427AM,9:19:13.60AM,7.31,3500,3500350035003500350035003500350035003500
0059501,80,f,$15200.0,40,red,2,3rd,27secs,12:20:22.29PM,5:43:42.634AM,-3.42,3250,3250325032503250325032503250325032503250
0059502,78,M,$19890.0,22,None,5,5th,0,9:48:4.651PM,5:45:7.926AM,-12.42,2250,
0059503,7,M,$763.0,57,reD,0,4th,24secs,1:46:39.171AM,9:28:5.370AM,-4.74,2500,2500250025002500250025002500250025002500
0059504,87,X,$6264.0,79,None,7,8th,26secs,9:38:7.123PM,12:41:31.811PM,7.53,2000,20002000200020002000
0059505,81,f,$22356.0,39,green,3,3rd,28secs,12:31:54.315PM,12:57:55.946PM,-1.04,3000,3000300030003000300030003000300030003000
0059506,73,F,$7738.0,78,blue,9,8th,27secs,0,6:40:36.402AM,-12.36,3000,
0059507,77,male,$4081.0,38,gReeN,1,7th,23secs,2:29:17.482AM,9:26:15.513AM,7.6,2250,
0059508,0,f,$14877.0,8,blue,8,6th,23secs,9:30:45.570PM,7:25:36.362AM,-8.55,2750,27502750275027502750
0059509,68,Male,$18428.0,7,reD,4,3rd,29secs,2:49:29.720AM,5:24:26.254AM,-12.31,2000,20002000200020002000
0059510,80,male,$17280.0,71,None,4,8th,28secs,3:33:20.902AM,12:29:37.246PM,5.6,3000,
0059511,18,f,$3672.0,71,BLUE,0,2nd,29secs,2:19:9.831AM,9:20:0.89AM,9.61,2500,250025002500250025002500250025002500250025002500250025002500
0059512,58,male,$17400.0,78,gReeN,0,1st,23secs,9:24:18.663PM,10:13:39.374AM,4.65,2250,
0059513,30,Female,$5070.0,46,reD,9,9th,0,1:53:33.611AM,11:14:57.923AM,-11.53,3000,300030003000300030003000300030003000300030003000300030003000
0059514,51,Female,$13311.0,31,reD,8,7th,24secs,1:36:0.544AM,11:7:0.725AM,-9.53,2750,275027502750275027502750275027502750275027502750275027502750
0059515,48,Female,$5664.0,7,red,8,7th,27secs,12:26:52.611PM,8:59:10.573AM,3.82,2250,22502250225022502250
0059516,15,female,$1305.0,5,gReeN,1,5th,23secs,11:0:35.137PM,12:11:19.938PM,-2.01,2250,2250225022502250225022502250225022502250
0059517,48,M,$8064.0,65,0,1,9th,25secs,10:13:59.651PM,9:22:20.56AM,6.09,2250,22502250225022502250225022502250225022502250225022502250225022502250225022502250
0059518,22,0,$1606.0,48,BLUE,6,8th,20secs,11:17:34.394PM,7:57:54.972AM,5.23,2500,250025002500250025002500250025002500250025002500250025002500
0059519,41,Male,$8036.0,67,blue,5,7th,27secs,2:22:25.839AM,11:3:46.659AM,-12.3,2750,275027502750275027502750275027502750275027502750275027502750
0059520,44,Female,$4048.0,50,BLUE,1,3rd,26secs,12:22:48.734PM,11:40:45.463AM,11.8,2750,2750275027502750275027502750275027502750
0059521,65,m,$6045.0,10,gReeN,5,1st,24secs,1:37:0.856AM,5:59:15.870AM,8.01,1500,1500150015001500150015001500150015001500
0059522,13,F,$2379.0,30,None,7,9th,20secs,9:54:45.308PM,9:44:36.115AM,-0.37,3500,350035003500350035003500350035003500350035003500350035003500
0059523,39,X,$11583.0,54,red,2,5th,25secs,11:45:14.371PM,10:0:41.891AM,-8.17,3000,30003000300030003000
0059524,62,female,$8928.0,59,reD,6,7th,21secs,9:21:18.979PM,7:34:18.252AM,-1.13,2750,275027502750275027502750275027502750275027502750275027502750
0059525,67,male,$13534.0,20,reD,5,1st,22secs,8:58:8.901PM,12:12:26.169PM,-3.68,2000,2000200020002000200020002000200020002000
0059526,28,f,$3528.0,41,green,2,1st,27secs,10:10:33.97PM,8:38:37.354AM,0.75,2500,25002500250025002500
0059527,14,male,$3640.0,54,BLUE,6,4th,26secs,1:16:56.489AM,5:4:32.401AM,-6.6,3750,
0059528,7,m,$735.0,60,green,7,4th,22secs,8:43:45.608PM,5:13:23.754AM,2.32,3000,300030003000300030003000300030003000300030003000300030003000
0059529,15,X,$1335.0,33,blue,5,9th,30secs,1:57:58.995AM,11:13:16.59AM,-12.25,3500,35003500350035003500
0059530,46,X,$9154.0,13,red,3,8th,21secs,8:32:32.320PM,12:15:0.612PM,3.15,1750,17501750175017501750175017501750175017501750175017501750175017501750175017501750
0059531,22,f,$3960.0,70,reD,3,4th,27secs,2:39:43.55AM,10:3:20.643AM,-1.12,3500,
0059532,59,male,$7257.0,44,gReeN,8,6th,22secs,12:53:19.267PM,8:8:23.136AM,4.31,2500,25002500250025002500250025002500250025002500250025002500250025002500250025002500
0059533,45,M,$10169.999999999998,55,blue,8,2nd,29secs,12:36:42.575PM,7:27:12.616AM,-5.86,1750,17501750175017501750175017501750175017501750175017501750175017501750175017501750
0059534,40,M,$6520.0,41,reD,9,5th,24secs,2:8:36.322AM,6:19:14.12AM,0.43,3500,
0059535,45,X,$3420.0,11,red,2,4th,20secs,10:45:36.747PM,12:28:46.245PM,1.21,3000,3000300030003000300030003000300030003000
0059536,76,female,$13832.0,64,green,8,7th,22secs,11:34:17.834PM,12:36:50.215PM,-5.37,1500,15001500150015001500150015001500150015001500150015001500150015001500150015001500
0059537,57,Male,$12939.0,66,None,3,3rd,25secs,12:42:17.849PM,8:13:57.606AM,11.92,3500,35003500350035003500
0059538,34,X,$6868.0,54,red,6,9th,24secs,10:34:7.335PM,5:56:5.788AM,0,2250,
0059539,59,f,$7906.000000000001,6,None,9,2nd,21secs,11:5:57.465PM,12:17:23.252PM,-0.15,1750,1750175017501750175017501750175017501750
0059540,82,male,$15416.0,67,reD,6,6th,22secs,11:5:51.81PM,6:29:55.935AM,-9.95,1750,17501750175017501750175017501750175017501750175017501750175017501750175017501750
0059541,51,f,$11832.0,75,None,8,8th,26secs,11:18:51.63PM,7:29:47.746AM,5.54,2000,2000200020002000200020002000200020002000
0059542,54,X,$13284.0,51,green,2,8th,27secs,4:28:23.896AM,7:18:22.800AM,6.55,3000,300030003000300030003000300030003000300030003000300030003000
0059543,49,M,$12298.999999999998,76,BLUE,7,1st,25secs,10:41:19.601PM,9:22:1.547AM,1.91,3250,325032503250325032503250325032503250325032503250325032503250
0059544,12,female,$2292.0,23,reD,9,8th,28secs,8:58:59.87PM,8:56:36.165AM,-2.08,3250,32503250325032503250325032503250325032503250325032503250325032503250325032503250
0059545,67,Male,$1942.9999999999998,38,blue,8,3rd,29secs,10:56:3.494PM,7:10:9.45AM,-11.63,2000,
0059546,8,X,$1880.0,76,gReeN,0,6th,30secs,8:28:46.631PM,12:31:31.256PM,-10.29,3750,37503750375037503750375037503750375037503750375037503750375037503750375037503750
0059547,87,m,$16878.0,64,gReeN,7,6th,23secs,9:44:5.549PM,9:54:16.2AM,-10.44,3250,
0059548,11,M,$253.0,53,0,9,8th,27secs,1:19:10.198AM,11:6:18.7AM,-1.08,2750,27502750275027502750
